sde_id,sde_name,period_order,period_label,country_code,country_name,continent,m49_subregion,unit_type,activity_status,coverage_status,source,notes
JUDO,柔道 (Judo),1,2016 Olympic judo,ABW,Aruba,Americas,Caribbean,noc,active,partial,https://www.ijf.org/competition/1339/judoka_nations,Historical official-event participation evidence; lower-bound activity record.
JUDO,柔道 (Judo),1,2016 Olympic judo,AFG,Afghanistan,Asia,Southern Asia,noc,active,partial,https://www.ijf.org/competition/1339/judoka_nations,Historical official-event participation evidence; lower-bound activity record.
JUDO,柔道 (Judo),1,2016 Olympic judo,AGO,Angola,Africa,Middle Africa,noc,active,partial,https://www.ijf.org/competition/1339/judoka_nations,Historical official-event participation evidence; lower-bound activity record.
JUDO,柔道 (Judo),1,2016 Olympic judo,AND,Andorra,Europe,Southern Europe,noc,active,partial,https://www.ijf.org/competition/1339/judoka_nations,Historical official-event participation evidence; lower-bound activity record.
JUDO,柔道 (Judo),1,2016 Olympic judo,ARE,United Arab Emirates,Asia,Western Asia,noc,active,partial,https://www.ijf.org/competition/1339/judoka_nations,Historical official-event participation evidence; lower-bound activity record.
JUDO,柔道 (Judo),1,2016 Olympic judo,ARG,Argentina,Americas,South America,noc,active,partial,https://www.ijf.org/competition/1339/judoka_nations,Historical official-event participation evidence; lower-bound activity record.
JUDO,柔道 (Judo),1,2016 Olympic judo,ARM,Armenia,Asia,Western Asia,noc,active,partial,https://www.ijf.org/competition/1339/judoka_nations,Historical official-event participation evidence; lower-bound activity record.
JUDO,柔道 (Judo),1,2016 Olympic judo,ASM,American Samoa,Oceania,Polynesia,noc,active,partial,https://www.ijf.org/competition/1339/judoka_nations,Historical official-event participation evidence; lower-bound activity record.
JUDO,柔道 (Judo),1,2016 Olympic judo,AUS,Australia,Oceania,Australia and New Zealand,noc,active,partial,https://www.ijf.org/competition/1339/judoka_nations,Historical official-event participation evidence; lower-bound activity record.
JUDO,柔道 (Judo),1,2016 Olympic judo,AUT,Austria,Europe,Central Europe,noc,active,partial,https://www.ijf.org/competition/1339/judoka_nations,Historical official-event participation evidence; lower-bound activity record.
JUDO,柔道 (Judo),1,2016 Olympic judo,AZE,Azerbaijan,Asia,Western Asia,noc,active,partial,https://www.ijf.org/competition/1339/judoka_nations,Historical official-event participation evidence; lower-bound activity record.
JUDO,柔道 (Judo),1,2016 Olympic judo,BDI,Burundi,Africa,Eastern Africa,noc,active,partial,https://www.ijf.org/competition/1339/judoka_nations,Historical official-event participation evidence; lower-bound activity record.
JUDO,柔道 (Judo),1,2016 Olympic judo,BEL,Belgium,Europe,Western Europe,noc,active,partial,https://www.ijf.org/competition/1339/judoka_nations,Historical official-event participation evidence; lower-bound activity record.
JUDO,柔道 (Judo),1,2016 Olympic judo,BEN,Benin,Africa,Western Africa,noc,active,partial,https://www.ijf.org/competition/1339/judoka_nations,Historical official-event participation evidence; lower-bound activity record.
JUDO,柔道 (Judo),1,2016 Olympic judo,BFA,Burkina Faso,Africa,Western Africa,noc,active,partial,https://www.ijf.org/competition/1339/judoka_nations,Historical official-event participation evidence; lower-bound activity record.
JUDO,柔道 (Judo),1,2016 Olympic judo,BGR,Bulgaria,Europe,Southeast Europe,noc,active,partial,https://www.ijf.org/competition/1339/judoka_nations,Historical official-event participation evidence; lower-bound activity record.
JUDO,柔道 (Judo),1,2016 Olympic judo,BIH,Bosnia and Herzegovina,Europe,Southeast Europe,noc,active,partial,https://www.ijf.org/competition/1339/judoka_nations,Historical official-event participation evidence; lower-bound activity record.
JUDO,柔道 (Judo),1,2016 Olympic judo,BLR,Belarus,Europe,Eastern Europe,noc,active,partial,https://www.ijf.org/competition/1339/judoka_nations,Historical official-event participation evidence; lower-bound activity record.
JUDO,柔道 (Judo),1,2016 Olympic judo,BLZ,Belize,Americas,Central America,noc,active,partial,https://www.ijf.org/competition/1339/judoka_nations,Historical official-event participation evidence; lower-bound activity record.
JUDO,柔道 (Judo),1,2016 Olympic judo,BOL,Bolivia,Americas,South America,noc,active,partial,https://www.ijf.org/competition/1339/judoka_nations,Historical official-event participation evidence; lower-bound activity record.
JUDO,柔道 (Judo),1,2016 Olympic judo,BRA,Brazil,Americas,South America,noc,active,partial,https://www.ijf.org/competition/1339/judoka_nations,Historical official-event participation evidence; lower-bound activity record.
JUDO,柔道 (Judo),1,2016 Olympic judo,BWA,Botswana,Africa,Southern Africa,noc,active,partial,https://www.ijf.org/competition/1339/judoka_nations,Historical official-event participation evidence; lower-bound activity record.
JUDO,柔道 (Judo),1,2016 Olympic judo,CAN,Canada,Americas,North America,noc,active,partial,https://www.ijf.org/competition/1339/judoka_nations,Historical official-event participation evidence; lower-bound activity record.
JUDO,柔道 (Judo),1,2016 Olympic judo,CHE,Switzerland,Europe,Western Europe,noc,active,partial,https://www.ijf.org/competition/1339/judoka_nations,Historical official-event participation evidence; lower-bound activity record.
JUDO,柔道 (Judo),1,2016 Olympic judo,CHL,Chile,Americas,South America,noc,active,partial,https://www.ijf.org/competition/1339/judoka_nations,Historical official-event participation evidence; lower-bound activity record.
JUDO,柔道 (Judo),1,2016 Olympic judo,CHN,China,Asia,Eastern Asia,noc,active,partial,https://www.ijf.org/competition/1339/judoka_nations,Historical official-event participation evidence; lower-bound activity record.
JUDO,柔道 (Judo),1,2016 Olympic judo,CIV,Ivory Coast,Africa,Western Africa,noc,active,partial,https://www.ijf.org/competition/1339/judoka_nations,Historical official-event participation evidence; lower-bound activity record.
JUDO,柔道 (Judo),1,2016 Olympic judo,CMR,Cameroon,Africa,Middle Africa,noc,active,partial,https://www.ijf.org/competition/1339/judoka_nations,Historical official-event participation evidence; lower-bound activity record.
JUDO,柔道 (Judo),1,2016 Olympic judo,COD,DR Congo,Africa,Middle Africa,noc,active,partial,https://www.ijf.org/competition/1339/judoka_nations,Historical official-event participation evidence; lower-bound activity record.
JUDO,柔道 (Judo),1,2016 Olympic judo,COG,Congo,Africa,Middle Africa,noc,active,partial,https://www.ijf.org/competition/1339/judoka_nations,Historical official-event participation evidence; lower-bound activity record.
JUDO,柔道 (Judo),1,2016 Olympic judo,COL,Colombia,Americas,South America,noc,active,partial,https://www.ijf.org/competition/1339/judoka_nations,Historical official-event participation evidence; lower-bound activity record.
JUDO,柔道 (Judo),1,2016 Olympic judo,CRI,Costa Rica,Americas,Central America,noc,active,partial,https://www.ijf.org/competition/1339/judoka_nations,Historical official-event participation evidence; lower-bound activity record.
JUDO,柔道 (Judo),1,2016 Olympic judo,CUB,Cuba,Americas,Caribbean,noc,active,partial,https://www.ijf.org/competition/1339/judoka_nations,Historical official-event participation evidence; lower-bound activity record.
JUDO,柔道 (Judo),1,2016 Olympic judo,CZE,Czechia,Europe,Central Europe,noc,active,partial,https://www.ijf.org/competition/1339/judoka_nations,Historical official-event participation evidence; lower-bound activity record.
JUDO,柔道 (Judo),1,2016 Olympic judo,DEU,Germany,Europe,Western Europe,noc,active,partial,https://www.ijf.org/competition/1339/judoka_nations,Historical official-event participation evidence; lower-bound activity record.
JUDO,柔道 (Judo),1,2016 Olympic judo,DJI,Djibouti,Africa,Eastern Africa,noc,active,partial,https://www.ijf.org/competition/1339/judoka_nations,Historical official-event participation evidence; lower-bound activity record.
JUDO,柔道 (Judo),1,2016 Olympic judo,DOM,Dominican Republic,Americas,Caribbean,noc,active,partial,https://www.ijf.org/competition/1339/judoka_nations,Historical official-event participation evidence; lower-bound activity record.
JUDO,柔道 (Judo),1,2016 Olympic judo,DZA,Algeria,Africa,Northern Africa,noc,active,partial,https://www.ijf.org/competition/1339/judoka_nations,Historical official-event participation evidence; lower-bound activity record.
JUDO,柔道 (Judo),1,2016 Olympic judo,ECU,Ecuador,Americas,South America,noc,active,partial,https://www.ijf.org/competition/1339/judoka_nations,Historical official-event participation evidence; lower-bound activity record.
JUDO,柔道 (Judo),1,2016 Olympic judo,EGY,Egypt,Africa,Northern Africa,noc,active,partial,https://www.ijf.org/competition/1339/judoka_nations,Historical official-event participation evidence; lower-bound activity record.
JUDO,柔道 (Judo),1,2016 Olympic judo,ESP,Spain,Europe,Southern Europe,noc,active,partial,https://www.ijf.org/competition/1339/judoka_nations,Historical official-event participation evidence; lower-bound activity record.
JUDO,柔道 (Judo),1,2016 Olympic judo,EST,Estonia,Europe,Northern Europe,noc,active,partial,https://www.ijf.org/competition/1339/judoka_nations,Historical official-event participation evidence; lower-bound activity record.
JUDO,柔道 (Judo),1,2016 Olympic judo,FIN,Finland,Europe,Northern Europe,noc,active,partial,https://www.ijf.org/competition/1339/judoka_nations,Historical official-event participation evidence; lower-bound activity record.
JUDO,柔道 (Judo),1,2016 Olympic judo,FJI,Fiji,Oceania,Melanesia,noc,active,partial,https://www.ijf.org/competition/1339/judoka_nations,Historical official-event participation evidence; lower-bound activity record.
JUDO,柔道 (Judo),1,2016 Olympic judo,FRA,France,Europe,Western Europe,noc,active,partial,https://www.ijf.org/competition/1339/judoka_nations,Historical official-event participation evidence; lower-bound activity record.
JUDO,柔道 (Judo),1,2016 Olympic judo,GAB,Gabon,Africa,Middle Africa,noc,active,partial,https://www.ijf.org/competition/1339/judoka_nations,Historical official-event participation evidence; lower-bound activity record.
JUDO,柔道 (Judo),1,2016 Olympic judo,GBR,United Kingdom,Europe,Northern Europe,noc,active,partial,https://www.ijf.org/competition/1339/judoka_nations,Historical official-event participation evidence; lower-bound activity record.
JUDO,柔道 (Judo),1,2016 Olympic judo,GEO,Georgia,Asia,Western Asia,noc,active,partial,https://www.ijf.org/competition/1339/judoka_nations,Historical official-event participation evidence; lower-bound activity record.
JUDO,柔道 (Judo),1,2016 Olympic judo,GHA,Ghana,Africa,Western Africa,noc,active,partial,https://www.ijf.org/competition/1339/judoka_nations,Historical official-event participation evidence; lower-bound activity record.
JUDO,柔道 (Judo),1,2016 Olympic judo,GIN,Guinea,Africa,Western Africa,noc,active,partial,https://www.ijf.org/competition/1339/judoka_nations,Historical official-event participation evidence; lower-bound activity record.
JUDO,柔道 (Judo),1,2016 Olympic judo,GMB,Gambia,Africa,Western Africa,noc,active,partial,https://www.ijf.org/competition/1339/judoka_nations,Historical official-event participation evidence; lower-bound activity record.
JUDO,柔道 (Judo),1,2016 Olympic judo,GNB,Guinea-Bissau,Africa,Western Africa,noc,active,partial,https://www.ijf.org/competition/1339/judoka_nations,Historical official-event participation evidence; lower-bound activity record.
JUDO,柔道 (Judo),1,2016 Olympic judo,GRC,Greece,Europe,Southern Europe,noc,active,partial,https://www.ijf.org/competition/1339/judoka_nations,Historical official-event participation evidence; lower-bound activity record.
JUDO,柔道 (Judo),1,2016 Olympic judo,GTM,Guatemala,Americas,Central America,noc,active,partial,https://www.ijf.org/competition/1339/judoka_nations,Historical official-event participation evidence; lower-bound activity record.
JUDO,柔道 (Judo),1,2016 Olympic judo,HND,Honduras,Americas,Central America,noc,active,partial,https://www.ijf.org/competition/1339/judoka_nations,Historical official-event participation evidence; lower-bound activity record.
JUDO,柔道 (Judo),1,2016 Olympic judo,HRV,Croatia,Europe,Southeast Europe,noc,active,partial,https://www.ijf.org/competition/1339/judoka_nations,Historical official-event participation evidence; lower-bound activity record.
JUDO,柔道 (Judo),1,2016 Olympic judo,HTI,Haiti,Americas,Caribbean,noc,active,partial,https://www.ijf.org/competition/1339/judoka_nations,Historical official-event participation evidence; lower-bound activity record.
JUDO,柔道 (Judo),1,2016 Olympic judo,HUN,Hungary,Europe,Central Europe,noc,active,partial,https://www.ijf.org/competition/1339/judoka_nations,Historical official-event participation evidence; lower-bound activity record.
JUDO,柔道 (Judo),1,2016 Olympic judo,IND,India,Asia,Southern Asia,noc,active,partial,https://www.ijf.org/competition/1339/judoka_nations,Historical official-event participation evidence; lower-bound activity record.
JUDO,柔道 (Judo),1,2016 Olympic judo,IRN,Iran,Asia,Southern Asia,noc,active,partial,https://www.ijf.org/competition/1339/judoka_nations,Historical official-event participation evidence; lower-bound activity record.
JUDO,柔道 (Judo),1,2016 Olympic judo,IRQ,Iraq,Asia,Western Asia,noc,active,partial,https://www.ijf.org/competition/1339/judoka_nations,Historical official-event participation evidence; lower-bound activity record.
JUDO,柔道 (Judo),1,2016 Olympic judo,ISL,Iceland,Europe,Northern Europe,noc,active,partial,https://www.ijf.org/competition/1339/judoka_nations,Historical official-event participation evidence; lower-bound activity record.
JUDO,柔道 (Judo),1,2016 Olympic judo,ISR,Israel,Asia,Western Asia,noc,active,partial,https://www.ijf.org/competition/1339/judoka_nations,Historical official-event participation evidence; lower-bound activity record.
JUDO,柔道 (Judo),1,2016 Olympic judo,ITA,Italy,Europe,Southern Europe,noc,active,partial,https://www.ijf.org/competition/1339/judoka_nations,Historical official-event participation evidence; lower-bound activity record.
JUDO,柔道 (Judo),1,2016 Olympic judo,JOR,Jordan,Asia,Western Asia,noc,active,partial,https://www.ijf.org/competition/1339/judoka_nations,Historical official-event participation evidence; lower-bound activity record.
JUDO,柔道 (Judo),1,2016 Olympic judo,JPN,Japan,Asia,Eastern Asia,noc,active,partial,https://www.ijf.org/competition/1339/judoka_nations,Historical official-event participation evidence; lower-bound activity record.
JUDO,柔道 (Judo),1,2016 Olympic judo,KAZ,Kazakhstan,Asia,Central Asia,noc,active,partial,https://www.ijf.org/competition/1339/judoka_nations,Historical official-event participation evidence; lower-bound activity record.
JUDO,柔道 (Judo),1,2016 Olympic judo,KEN,Kenya,Africa,Eastern Africa,noc,active,partial,https://www.ijf.org/competition/1339/judoka_nations,Historical official-event participation evidence; lower-bound activity record.
JUDO,柔道 (Judo),1,2016 Olympic judo,KGZ,Kyrgyzstan,Asia,Central Asia,noc,active,partial,https://www.ijf.org/competition/1339/judoka_nations,Historical official-event participation evidence; lower-bound activity record.
JUDO,柔道 (Judo),1,2016 Olympic judo,KOR,South Korea,Asia,Eastern Asia,noc,active,partial,https://www.ijf.org/competition/1339/judoka_nations,Historical official-event participation evidence; lower-bound activity record.
JUDO,柔道 (Judo),1,2016 Olympic judo,LAO,Laos,Asia,South-Eastern Asia,noc,active,partial,https://www.ijf.org/competition/1339/judoka_nations,Historical official-event participation evidence; lower-bound activity record.
JUDO,柔道 (Judo),1,2016 Olympic judo,LBN,Lebanon,Asia,Western Asia,noc,active,partial,https://www.ijf.org/competition/1339/judoka_nations,Historical official-event participation evidence; lower-bound activity record.
JUDO,柔道 (Judo),1,2016 Olympic judo,LBY,Libya,Africa,Northern Africa,noc,active,partial,https://www.ijf.org/competition/1339/judoka_nations,Historical official-event participation evidence; lower-bound activity record.
JUDO,柔道 (Judo),1,2016 Olympic judo,LKA,Sri Lanka,Asia,Southern Asia,noc,active,partial,https://www.ijf.org/competition/1339/judoka_nations,Historical official-event participation evidence; lower-bound activity record.
JUDO,柔道 (Judo),1,2016 Olympic judo,LTU,Lithuania,Europe,Northern Europe,noc,active,partial,https://www.ijf.org/competition/1339/judoka_nations,Historical official-event participation evidence; lower-bound activity record.
JUDO,柔道 (Judo),1,2016 Olympic judo,LVA,Latvia,Europe,Northern Europe,noc,active,partial,https://www.ijf.org/competition/1339/judoka_nations,Historical official-event participation evidence; lower-bound activity record.
JUDO,柔道 (Judo),1,2016 Olympic judo,MAR,Morocco,Africa,Northern Africa,noc,active,partial,https://www.ijf.org/competition/1339/judoka_nations,Historical official-event participation evidence; lower-bound activity record.
JUDO,柔道 (Judo),1,2016 Olympic judo,MCO,Monaco,Europe,Western Europe,noc,active,partial,https://www.ijf.org/competition/1339/judoka_nations,Historical official-event participation evidence; lower-bound activity record.
JUDO,柔道 (Judo),1,2016 Olympic judo,MDA,Moldova,Europe,Eastern Europe,noc,active,partial,https://www.ijf.org/competition/1339/judoka_nations,Historical official-event participation evidence; lower-bound activity record.
JUDO,柔道 (Judo),1,2016 Olympic judo,MDG,Madagascar,Africa,Eastern Africa,noc,active,partial,https://www.ijf.org/competition/1339/judoka_nations,Historical official-event participation evidence; lower-bound activity record.
JUDO,柔道 (Judo),1,2016 Olympic judo,MEX,Mexico,Americas,North America,noc,active,partial,https://www.ijf.org/competition/1339/judoka_nations,Historical official-event participation evidence; lower-bound activity record.
JUDO,柔道 (Judo),1,2016 Olympic judo,MKD,North Macedonia,Europe,Southeast Europe,noc,active,partial,https://www.ijf.org/competition/1339/judoka_nations,Historical official-event participation evidence; lower-bound activity record.
JUDO,柔道 (Judo),1,2016 Olympic judo,MLI,Mali,Africa,Western Africa,noc,active,partial,https://www.ijf.org/competition/1339/judoka_nations,Historical official-event participation evidence; lower-bound activity record.
JUDO,柔道 (Judo),1,2016 Olympic judo,MMR,Myanmar,Asia,South-Eastern Asia,noc,active,partial,https://www.ijf.org/competition/1339/judoka_nations,Historical official-event participation evidence; lower-bound activity record.
JUDO,柔道 (Judo),1,2016 Olympic judo,MNE,Montenegro,Europe,Southeast Europe,noc,active,partial,https://www.ijf.org/competition/1339/judoka_nations,Historical official-event participation evidence; lower-bound activity record.
JUDO,柔道 (Judo),1,2016 Olympic judo,MNG,Mongolia,Asia,Eastern Asia,noc,active,partial,https://www.ijf.org/competition/1339/judoka_nations,Historical official-event participation evidence; lower-bound activity record.
JUDO,柔道 (Judo),1,2016 Olympic judo,MOZ,Mozambique,Africa,Eastern Africa,noc,active,partial,https://www.ijf.org/competition/1339/judoka_nations,Historical official-event participation evidence; lower-bound activity record.
JUDO,柔道 (Judo),1,2016 Olympic judo,MUS,Mauritius,Africa,Eastern Africa,noc,active,partial,https://www.ijf.org/competition/1339/judoka_nations,Historical official-event participation evidence; lower-bound activity record.
JUDO,柔道 (Judo),1,2016 Olympic judo,NER,Niger,Africa,Western Africa,noc,active,partial,https://www.ijf.org/competition/1339/judoka_nations,Historical official-event participation evidence; lower-bound activity record.
JUDO,柔道 (Judo),1,2016 Olympic judo,NLD,Netherlands,Europe,Western Europe,noc,active,partial,https://www.ijf.org/competition/1339/judoka_nations,Historical official-event participation evidence; lower-bound activity record.
JUDO,柔道 (Judo),1,2016 Olympic judo,NPL,Nepal,Asia,Southern Asia,noc,active,partial,https://www.ijf.org/competition/1339/judoka_nations,Historical official-event participation evidence; lower-bound activity record.
JUDO,柔道 (Judo),1,2016 Olympic judo,NRU,Nauru,Oceania,Micronesia,noc,active,partial,https://www.ijf.org/competition/1339/judoka_nations,Historical official-event participation evidence; lower-bound activity record.
JUDO,柔道 (Judo),1,2016 Olympic judo,NZL,New Zealand,Oceania,Australia and New Zealand,noc,active,partial,https://www.ijf.org/competition/1339/judoka_nations,Historical official-event participation evidence; lower-bound activity record.
JUDO,柔道 (Judo),1,2016 Olympic judo,PAK,Pakistan,Asia,Southern Asia,noc,active,partial,https://www.ijf.org/competition/1339/judoka_nations,Historical official-event participation evidence; lower-bound activity record.
JUDO,柔道 (Judo),1,2016 Olympic judo,PER,Peru,Americas,South America,noc,active,partial,https://www.ijf.org/competition/1339/judoka_nations,Historical official-event participation evidence; lower-bound activity record.
JUDO,柔道 (Judo),1,2016 Olympic judo,PHL,Philippines,Asia,South-Eastern Asia,noc,active,partial,https://www.ijf.org/competition/1339/judoka_nations,Historical official-event participation evidence; lower-bound activity record.
JUDO,柔道 (Judo),1,2016 Olympic judo,PNG,Papua New Guinea,Oceania,Melanesia,noc,active,partial,https://www.ijf.org/competition/1339/judoka_nations,Historical official-event participation evidence; lower-bound activity record.
JUDO,柔道 (Judo),1,2016 Olympic judo,POL,Poland,Europe,Central Europe,noc,active,partial,https://www.ijf.org/competition/1339/judoka_nations,Historical official-event participation evidence; lower-bound activity record.
JUDO,柔道 (Judo),1,2016 Olympic judo,PRI,Puerto Rico,Americas,Caribbean,noc,active,partial,https://www.ijf.org/competition/1339/judoka_nations,Historical official-event participation evidence; lower-bound activity record.
JUDO,柔道 (Judo),1,2016 Olympic judo,PRK,North Korea,Asia,Eastern Asia,noc,active,partial,https://www.ijf.org/competition/1339/judoka_nations,Historical official-event participation evidence; lower-bound activity record.
JUDO,柔道 (Judo),1,2016 Olympic judo,PRT,Portugal,Europe,Southern Europe,noc,active,partial,https://www.ijf.org/competition/1339/judoka_nations,Historical official-event participation evidence; lower-bound activity record.
JUDO,柔道 (Judo),1,2016 Olympic judo,PSE,Palestine,Asia,Western Asia,noc,active,partial,https://www.ijf.org/competition/1339/judoka_nations,Historical official-event participation evidence; lower-bound activity record.
JUDO,柔道 (Judo),1,2016 Olympic judo,QAT,Qatar,Asia,Western Asia,noc,active,partial,https://www.ijf.org/competition/1339/judoka_nations,Historical official-event participation evidence; lower-bound activity record.
JUDO,柔道 (Judo),1,2016 Olympic judo,ROT,Refugee Olympic Team,Europe,Eastern Europe,noc,active,partial,https://www.ijf.org/competition/1339/judoka_nations,Historical official-event participation evidence; lower-bound activity record.
JUDO,柔道 (Judo),1,2016 Olympic judo,ROU,Romania,Europe,Southeast Europe,noc,active,partial,https://www.ijf.org/competition/1339/judoka_nations,Historical official-event participation evidence; lower-bound activity record.
JUDO,柔道 (Judo),1,2016 Olympic judo,RUS,Russia,Europe,Eastern Europe,noc,active,partial,https://www.ijf.org/competition/1339/judoka_nations,Historical official-event participation evidence; lower-bound activity record.
JUDO,柔道 (Judo),1,2016 Olympic judo,SAU,Saudi Arabia,Asia,Western Asia,noc,active,partial,https://www.ijf.org/competition/1339/judoka_nations,Historical official-event participation evidence; lower-bound activity record.
JUDO,柔道 (Judo),1,2016 Olympic judo,SDN,Sudan,Africa,Northern Africa,noc,active,partial,https://www.ijf.org/competition/1339/judoka_nations,Historical official-event participation evidence; lower-bound activity record.
JUDO,柔道 (Judo),1,2016 Olympic judo,SEN,Senegal,Africa,Western Africa,noc,active,partial,https://www.ijf.org/competition/1339/judoka_nations,Historical official-event participation evidence; lower-bound activity record.
JUDO,柔道 (Judo),1,2016 Olympic judo,SLV,El Salvador,Americas,Central America,noc,active,partial,https://www.ijf.org/competition/1339/judoka_nations,Historical official-event participation evidence; lower-bound activity record.
JUDO,柔道 (Judo),1,2016 Olympic judo,SRB,Serbia,Europe,Southeast Europe,noc,active,partial,https://www.ijf.org/competition/1339/judoka_nations,Historical official-event participation evidence; lower-bound activity record.
JUDO,柔道 (Judo),1,2016 Olympic judo,SUR,Suriname,Americas,South America,noc,active,partial,https://www.ijf.org/competition/1339/judoka_nations,Historical official-event participation evidence; lower-bound activity record.
JUDO,柔道 (Judo),1,2016 Olympic judo,SVN,Slovenia,Europe,Central Europe,noc,active,partial,https://www.ijf.org/competition/1339/judoka_nations,Historical official-event participation evidence; lower-bound activity record.
JUDO,柔道 (Judo),1,2016 Olympic judo,SWE,Sweden,Europe,Northern Europe,noc,active,partial,https://www.ijf.org/competition/1339/judoka_nations,Historical official-event participation evidence; lower-bound activity record.
JUDO,柔道 (Judo),1,2016 Olympic judo,SYC,Seychelles,Africa,Eastern Africa,noc,active,partial,https://www.ijf.org/competition/1339/judoka_nations,Historical official-event participation evidence; lower-bound activity record.
JUDO,柔道 (Judo),1,2016 Olympic judo,SYR,Syria,Asia,Western Asia,noc,active,partial,https://www.ijf.org/competition/1339/judoka_nations,Historical official-event participation evidence; lower-bound activity record.
JUDO,柔道 (Judo),1,2016 Olympic judo,THA,Thailand,Asia,South-Eastern Asia,noc,active,partial,https://www.ijf.org/competition/1339/judoka_nations,Historical official-event participation evidence; lower-bound activity record.
JUDO,柔道 (Judo),1,2016 Olympic judo,TJK,Tajikistan,Asia,Central Asia,noc,active,partial,https://www.ijf.org/competition/1339/judoka_nations,Historical official-event participation evidence; lower-bound activity record.
JUDO,柔道 (Judo),1,2016 Olympic judo,TKM,Turkmenistan,Asia,Central Asia,noc,active,partial,https://www.ijf.org/competition/1339/judoka_nations,Historical official-event participation evidence; lower-bound activity record.
JUDO,柔道 (Judo),1,2016 Olympic judo,TTO,Trinidad and Tobago,Americas,Caribbean,noc,active,partial,https://www.ijf.org/competition/1339/judoka_nations,Historical official-event participation evidence; lower-bound activity record.
JUDO,柔道 (Judo),1,2016 Olympic judo,TUN,Tunisia,Africa,Northern Africa,noc,active,partial,https://www.ijf.org/competition/1339/judoka_nations,Historical official-event participation evidence; lower-bound activity record.
JUDO,柔道 (Judo),1,2016 Olympic judo,TUR,Türkiye,Asia,Western Asia,noc,active,partial,https://www.ijf.org/competition/1339/judoka_nations,Historical official-event participation evidence; lower-bound activity record.
JUDO,柔道 (Judo),1,2016 Olympic judo,TWN,Taiwan,Asia,Eastern Asia,noc,active,partial,https://www.ijf.org/competition/1339/judoka_nations,Historical official-event participation evidence; lower-bound activity record.
JUDO,柔道 (Judo),1,2016 Olympic judo,TZA,Tanzania,Africa,Eastern Africa,noc,active,partial,https://www.ijf.org/competition/1339/judoka_nations,Historical official-event participation evidence; lower-bound activity record.
JUDO,柔道 (Judo),1,2016 Olympic judo,UKR,Ukraine,Europe,Eastern Europe,noc,active,partial,https://www.ijf.org/competition/1339/judoka_nations,Historical official-event participation evidence; lower-bound activity record.
JUDO,柔道 (Judo),1,2016 Olympic judo,UNK,Kosovo,Europe,Southeast Europe,noc,active,partial,https://www.ijf.org/competition/1339/judoka_nations,Historical official-event participation evidence; lower-bound activity record.
JUDO,柔道 (Judo),1,2016 Olympic judo,URY,Uruguay,Americas,South America,noc,active,partial,https://www.ijf.org/competition/1339/judoka_nations,Historical official-event participation evidence; lower-bound activity record.
JUDO,柔道 (Judo),1,2016 Olympic judo,USA,United States,Americas,North America,noc,active,partial,https://www.ijf.org/competition/1339/judoka_nations,Historical official-event participation evidence; lower-bound activity record.
JUDO,柔道 (Judo),1,2016 Olympic judo,UZB,Uzbekistan,Asia,Central Asia,noc,active,partial,https://www.ijf.org/competition/1339/judoka_nations,Historical official-event participation evidence; lower-bound activity record.
JUDO,柔道 (Judo),1,2016 Olympic judo,VEN,Venezuela,Americas,South America,noc,active,partial,https://www.ijf.org/competition/1339/judoka_nations,Historical official-event participation evidence; lower-bound activity record.
JUDO,柔道 (Judo),1,2016 Olympic judo,VNM,Vietnam,Asia,South-Eastern Asia,noc,active,partial,https://www.ijf.org/competition/1339/judoka_nations,Historical official-event participation evidence; lower-bound activity record.
JUDO,柔道 (Judo),1,2016 Olympic judo,VUT,Vanuatu,Oceania,Melanesia,noc,active,partial,https://www.ijf.org/competition/1339/judoka_nations,Historical official-event participation evidence; lower-bound activity record.
JUDO,柔道 (Judo),1,2016 Olympic judo,WSM,Samoa,Oceania,Polynesia,noc,active,partial,https://www.ijf.org/competition/1339/judoka_nations,Historical official-event participation evidence; lower-bound activity record.
JUDO,柔道 (Judo),1,2016 Olympic judo,YEM,Yemen,Asia,Western Asia,noc,active,partial,https://www.ijf.org/competition/1339/judoka_nations,Historical official-event participation evidence; lower-bound activity record.
JUDO,柔道 (Judo),1,2016 Olympic judo,ZAF,South Africa,Africa,Southern Africa,noc,active,partial,https://www.ijf.org/competition/1339/judoka_nations,Historical official-event participation evidence; lower-bound activity record.
JUDO,柔道 (Judo),1,2016 Olympic judo,ZMB,Zambia,Africa,Eastern Africa,noc,active,partial,https://www.ijf.org/competition/1339/judoka_nations,Historical official-event participation evidence; lower-bound activity record.
JUDO,柔道 (Judo),2,2020 Olympic judo,AGO,Angola,Africa,Middle Africa,noc,active,partial,https://www.ijf.org/competition/2035/judoka_nations,Historical official-event participation evidence; lower-bound activity record.
JUDO,柔道 (Judo),2,2020 Olympic judo,ALB,Albania,Europe,Southeast Europe,noc,active,partial,https://www.ijf.org/competition/2035/judoka_nations,Historical official-event participation evidence; lower-bound activity record.
JUDO,柔道 (Judo),2,2020 Olympic judo,ARE,United Arab Emirates,Asia,Western Asia,noc,active,partial,https://www.ijf.org/competition/2035/judoka_nations,Historical official-event participation evidence; lower-bound activity record.
JUDO,柔道 (Judo),2,2020 Olympic judo,ARG,Argentina,Americas,South America,noc,active,partial,https://www.ijf.org/competition/2035/judoka_nations,Historical official-event participation evidence; lower-bound activity record.
JUDO,柔道 (Judo),2,2020 Olympic judo,ARM,Armenia,Asia,Western Asia,noc,active,partial,https://www.ijf.org/competition/2035/judoka_nations,Historical official-event participation evidence; lower-bound activity record.
JUDO,柔道 (Judo),2,2020 Olympic judo,AUS,Australia,Oceania,Australia and New Zealand,noc,active,partial,https://www.ijf.org/competition/2035/judoka_nations,Historical official-event participation evidence; lower-bound activity record.
JUDO,柔道 (Judo),2,2020 Olympic judo,AUT,Austria,Europe,Central Europe,noc,active,partial,https://www.ijf.org/competition/2035/judoka_nations,Historical official-event participation evidence; lower-bound activity record.
JUDO,柔道 (Judo),2,2020 Olympic judo,AZE,Azerbaijan,Asia,Western Asia,noc,active,partial,https://www.ijf.org/competition/2035/judoka_nations,Historical official-event participation evidence; lower-bound activity record.
JUDO,柔道 (Judo),2,2020 Olympic judo,BEL,Belgium,Europe,Western Europe,noc,active,partial,https://www.ijf.org/competition/2035/judoka_nations,Historical official-event participation evidence; lower-bound activity record.
JUDO,柔道 (Judo),2,2020 Olympic judo,BEN,Benin,Africa,Western Africa,noc,active,partial,https://www.ijf.org/competition/2035/judoka_nations,Historical official-event participation evidence; lower-bound activity record.
JUDO,柔道 (Judo),2,2020 Olympic judo,BFA,Burkina Faso,Africa,Western Africa,noc,active,partial,https://www.ijf.org/competition/2035/judoka_nations,Historical official-event participation evidence; lower-bound activity record.
JUDO,柔道 (Judo),2,2020 Olympic judo,BGR,Bulgaria,Europe,Southeast Europe,noc,active,partial,https://www.ijf.org/competition/2035/judoka_nations,Historical official-event participation evidence; lower-bound activity record.
JUDO,柔道 (Judo),2,2020 Olympic judo,BIH,Bosnia and Herzegovina,Europe,Southeast Europe,noc,active,partial,https://www.ijf.org/competition/2035/judoka_nations,Historical official-event participation evidence; lower-bound activity record.
JUDO,柔道 (Judo),2,2020 Olympic judo,BLR,Belarus,Europe,Eastern Europe,noc,active,partial,https://www.ijf.org/competition/2035/judoka_nations,Historical official-event participation evidence; lower-bound activity record.
JUDO,柔道 (Judo),2,2020 Olympic judo,BRA,Brazil,Americas,South America,noc,active,partial,https://www.ijf.org/competition/2035/judoka_nations,Historical official-event participation evidence; lower-bound activity record.
JUDO,柔道 (Judo),2,2020 Olympic judo,BTN,Bhutan,Asia,Southern Asia,noc,active,partial,https://www.ijf.org/competition/2035/judoka_nations,Historical official-event participation evidence; lower-bound activity record.
JUDO,柔道 (Judo),2,2020 Olympic judo,CAN,Canada,Americas,North America,noc,active,partial,https://www.ijf.org/competition/2035/judoka_nations,Historical official-event participation evidence; lower-bound activity record.
JUDO,柔道 (Judo),2,2020 Olympic judo,CHE,Switzerland,Europe,Western Europe,noc,active,partial,https://www.ijf.org/competition/2035/judoka_nations,Historical official-event participation evidence; lower-bound activity record.
JUDO,柔道 (Judo),2,2020 Olympic judo,CHL,Chile,Americas,South America,noc,active,partial,https://www.ijf.org/competition/2035/judoka_nations,Historical official-event participation evidence; lower-bound activity record.
JUDO,柔道 (Judo),2,2020 Olympic judo,CHN,China,Asia,Eastern Asia,noc,active,partial,https://www.ijf.org/competition/2035/judoka_nations,Historical official-event participation evidence; lower-bound activity record.
JUDO,柔道 (Judo),2,2020 Olympic judo,CIV,Ivory Coast,Africa,Western Africa,noc,active,partial,https://www.ijf.org/competition/2035/judoka_nations,Historical official-event participation evidence; lower-bound activity record.
JUDO,柔道 (Judo),2,2020 Olympic judo,CMR,Cameroon,Africa,Middle Africa,noc,active,partial,https://www.ijf.org/competition/2035/judoka_nations,Historical official-event participation evidence; lower-bound activity record.
JUDO,柔道 (Judo),2,2020 Olympic judo,COD,DR Congo,Africa,Middle Africa,noc,active,partial,https://www.ijf.org/competition/2035/judoka_nations,Historical official-event participation evidence; lower-bound activity record.
JUDO,柔道 (Judo),2,2020 Olympic judo,COL,Colombia,Americas,South America,noc,active,partial,https://www.ijf.org/competition/2035/judoka_nations,Historical official-event participation evidence; lower-bound activity record.
JUDO,柔道 (Judo),2,2020 Olympic judo,COM,Comoros,Africa,Eastern Africa,noc,active,partial,https://www.ijf.org/competition/2035/judoka_nations,Historical official-event participation evidence; lower-bound activity record.
JUDO,柔道 (Judo),2,2020 Olympic judo,CPV,Cape Verde,Africa,Western Africa,noc,active,partial,https://www.ijf.org/competition/2035/judoka_nations,Historical official-event participation evidence; lower-bound activity record.
JUDO,柔道 (Judo),2,2020 Olympic judo,CRI,Costa Rica,Americas,Central America,noc,active,partial,https://www.ijf.org/competition/2035/judoka_nations,Historical official-event participation evidence; lower-bound activity record.
JUDO,柔道 (Judo),2,2020 Olympic judo,CUB,Cuba,Americas,Caribbean,noc,active,partial,https://www.ijf.org/competition/2035/judoka_nations,Historical official-event participation evidence; lower-bound activity record.
JUDO,柔道 (Judo),2,2020 Olympic judo,CZE,Czechia,Europe,Central Europe,noc,active,partial,https://www.ijf.org/competition/2035/judoka_nations,Historical official-event participation evidence; lower-bound activity record.
JUDO,柔道 (Judo),2,2020 Olympic judo,DEU,Germany,Europe,Western Europe,noc,active,partial,https://www.ijf.org/competition/2035/judoka_nations,Historical official-event participation evidence; lower-bound activity record.
JUDO,柔道 (Judo),2,2020 Olympic judo,DJI,Djibouti,Africa,Eastern Africa,noc,active,partial,https://www.ijf.org/competition/2035/judoka_nations,Historical official-event participation evidence; lower-bound activity record.
JUDO,柔道 (Judo),2,2020 Olympic judo,DNK,Denmark,Europe,Northern Europe,noc,active,partial,https://www.ijf.org/competition/2035/judoka_nations,Historical official-event participation evidence; lower-bound activity record.
JUDO,柔道 (Judo),2,2020 Olympic judo,DOM,Dominican Republic,Americas,Caribbean,noc,active,partial,https://www.ijf.org/competition/2035/judoka_nations,Historical official-event participation evidence; lower-bound activity record.
JUDO,柔道 (Judo),2,2020 Olympic judo,DZA,Algeria,Africa,Northern Africa,noc,active,partial,https://www.ijf.org/competition/2035/judoka_nations,Historical official-event participation evidence; lower-bound activity record.
JUDO,柔道 (Judo),2,2020 Olympic judo,ECU,Ecuador,Americas,South America,noc,active,partial,https://www.ijf.org/competition/2035/judoka_nations,Historical official-event participation evidence; lower-bound activity record.
JUDO,柔道 (Judo),2,2020 Olympic judo,EGY,Egypt,Africa,Northern Africa,noc,active,partial,https://www.ijf.org/competition/2035/judoka_nations,Historical official-event participation evidence; lower-bound activity record.
JUDO,柔道 (Judo),2,2020 Olympic judo,ESP,Spain,Europe,Southern Europe,noc,active,partial,https://www.ijf.org/competition/2035/judoka_nations,Historical official-event participation evidence; lower-bound activity record.
JUDO,柔道 (Judo),2,2020 Olympic judo,EST,Estonia,Europe,Northern Europe,noc,active,partial,https://www.ijf.org/competition/2035/judoka_nations,Historical official-event participation evidence; lower-bound activity record.
JUDO,柔道 (Judo),2,2020 Olympic judo,FJI,Fiji,Oceania,Melanesia,noc,active,partial,https://www.ijf.org/competition/2035/judoka_nations,Historical official-event participation evidence; lower-bound activity record.
JUDO,柔道 (Judo),2,2020 Olympic judo,FRA,France,Europe,Western Europe,noc,active,partial,https://www.ijf.org/competition/2035/judoka_nations,Historical official-event participation evidence; lower-bound activity record.
JUDO,柔道 (Judo),2,2020 Olympic judo,GAB,Gabon,Africa,Middle Africa,noc,active,partial,https://www.ijf.org/competition/2035/judoka_nations,Historical official-event participation evidence; lower-bound activity record.
JUDO,柔道 (Judo),2,2020 Olympic judo,GBR,United Kingdom,Europe,Northern Europe,noc,active,partial,https://www.ijf.org/competition/2035/judoka_nations,Historical official-event participation evidence; lower-bound activity record.
JUDO,柔道 (Judo),2,2020 Olympic judo,GEO,Georgia,Asia,Western Asia,noc,active,partial,https://www.ijf.org/competition/2035/judoka_nations,Historical official-event participation evidence; lower-bound activity record.
JUDO,柔道 (Judo),2,2020 Olympic judo,GHA,Ghana,Africa,Western Africa,noc,active,partial,https://www.ijf.org/competition/2035/judoka_nations,Historical official-event participation evidence; lower-bound activity record.
JUDO,柔道 (Judo),2,2020 Olympic judo,GIN,Guinea,Africa,Western Africa,noc,active,partial,https://www.ijf.org/competition/2035/judoka_nations,Historical official-event participation evidence; lower-bound activity record.
JUDO,柔道 (Judo),2,2020 Olympic judo,GMB,Gambia,Africa,Western Africa,noc,active,partial,https://www.ijf.org/competition/2035/judoka_nations,Historical official-event participation evidence; lower-bound activity record.
JUDO,柔道 (Judo),2,2020 Olympic judo,GNB,Guinea-Bissau,Africa,Western Africa,noc,active,partial,https://www.ijf.org/competition/2035/judoka_nations,Historical official-event participation evidence; lower-bound activity record.
JUDO,柔道 (Judo),2,2020 Olympic judo,GRC,Greece,Europe,Southern Europe,noc,active,partial,https://www.ijf.org/competition/2035/judoka_nations,Historical official-event participation evidence; lower-bound activity record.
JUDO,柔道 (Judo),2,2020 Olympic judo,GTM,Guatemala,Americas,Central America,noc,active,partial,https://www.ijf.org/competition/2035/judoka_nations,Historical official-event participation evidence; lower-bound activity record.
JUDO,柔道 (Judo),2,2020 Olympic judo,GUM,Guam,Oceania,Micronesia,noc,active,partial,https://www.ijf.org/competition/2035/judoka_nations,Historical official-event participation evidence; lower-bound activity record.
JUDO,柔道 (Judo),2,2020 Olympic judo,HND,Honduras,Americas,Central America,noc,active,partial,https://www.ijf.org/competition/2035/judoka_nations,Historical official-event participation evidence; lower-bound activity record.
JUDO,柔道 (Judo),2,2020 Olympic judo,HRV,Croatia,Europe,Southeast Europe,noc,active,partial,https://www.ijf.org/competition/2035/judoka_nations,Historical official-event participation evidence; lower-bound activity record.
JUDO,柔道 (Judo),2,2020 Olympic judo,HTI,Haiti,Americas,Caribbean,noc,active,partial,https://www.ijf.org/competition/2035/judoka_nations,Historical official-event participation evidence; lower-bound activity record.
JUDO,柔道 (Judo),2,2020 Olympic judo,HUN,Hungary,Europe,Central Europe,noc,active,partial,https://www.ijf.org/competition/2035/judoka_nations,Historical official-event participation evidence; lower-bound activity record.
JUDO,柔道 (Judo),2,2020 Olympic judo,IND,India,Asia,Southern Asia,noc,active,partial,https://www.ijf.org/competition/2035/judoka_nations,Historical official-event participation evidence; lower-bound activity record.
JUDO,柔道 (Judo),2,2020 Olympic judo,IRL,Ireland,Europe,Northern Europe,noc,active,partial,https://www.ijf.org/competition/2035/judoka_nations,Historical official-event participation evidence; lower-bound activity record.
JUDO,柔道 (Judo),2,2020 Olympic judo,ISR,Israel,Asia,Western Asia,noc,active,partial,https://www.ijf.org/competition/2035/judoka_nations,Historical official-event participation evidence; lower-bound activity record.
JUDO,柔道 (Judo),2,2020 Olympic judo,ITA,Italy,Europe,Southern Europe,noc,active,partial,https://www.ijf.org/competition/2035/judoka_nations,Historical official-event participation evidence; lower-bound activity record.
JUDO,柔道 (Judo),2,2020 Olympic judo,JAM,Jamaica,Americas,Caribbean,noc,active,partial,https://www.ijf.org/competition/2035/judoka_nations,Historical official-event participation evidence; lower-bound activity record.
JUDO,柔道 (Judo),2,2020 Olympic judo,JOR,Jordan,Asia,Western Asia,noc,active,partial,https://www.ijf.org/competition/2035/judoka_nations,Historical official-event participation evidence; lower-bound activity record.
JUDO,柔道 (Judo),2,2020 Olympic judo,JPN,Japan,Asia,Eastern Asia,noc,active,partial,https://www.ijf.org/competition/2035/judoka_nations,Historical official-event participation evidence; lower-bound activity record.
JUDO,柔道 (Judo),2,2020 Olympic judo,KAZ,Kazakhstan,Asia,Central Asia,noc,active,partial,https://www.ijf.org/competition/2035/judoka_nations,Historical official-event participation evidence; lower-bound activity record.
JUDO,柔道 (Judo),2,2020 Olympic judo,KGZ,Kyrgyzstan,Asia,Central Asia,noc,active,partial,https://www.ijf.org/competition/2035/judoka_nations,Historical official-event participation evidence; lower-bound activity record.
JUDO,柔道 (Judo),2,2020 Olympic judo,KIR,Kiribati,Oceania,Micronesia,noc,active,partial,https://www.ijf.org/competition/2035/judoka_nations,Historical official-event participation evidence; lower-bound activity record.
JUDO,柔道 (Judo),2,2020 Olympic judo,KOR,South Korea,Asia,Eastern Asia,noc,active,partial,https://www.ijf.org/competition/2035/judoka_nations,Historical official-event participation evidence; lower-bound activity record.
JUDO,柔道 (Judo),2,2020 Olympic judo,LAO,Laos,Asia,South-Eastern Asia,noc,active,partial,https://www.ijf.org/competition/2035/judoka_nations,Historical official-event participation evidence; lower-bound activity record.
JUDO,柔道 (Judo),2,2020 Olympic judo,LBN,Lebanon,Asia,Western Asia,noc,active,partial,https://www.ijf.org/competition/2035/judoka_nations,Historical official-event participation evidence; lower-bound activity record.
JUDO,柔道 (Judo),2,2020 Olympic judo,LBY,Libya,Africa,Northern Africa,noc,active,partial,https://www.ijf.org/competition/2035/judoka_nations,Historical official-event participation evidence; lower-bound activity record.
JUDO,柔道 (Judo),2,2020 Olympic judo,LIE,Liechtenstein,Europe,Western Europe,noc,active,partial,https://www.ijf.org/competition/2035/judoka_nations,Historical official-event participation evidence; lower-bound activity record.
JUDO,柔道 (Judo),2,2020 Olympic judo,LKA,Sri Lanka,Asia,Southern Asia,noc,active,partial,https://www.ijf.org/competition/2035/judoka_nations,Historical official-event participation evidence; lower-bound activity record.
JUDO,柔道 (Judo),2,2020 Olympic judo,LTU,Lithuania,Europe,Northern Europe,noc,active,partial,https://www.ijf.org/competition/2035/judoka_nations,Historical official-event participation evidence; lower-bound activity record.
JUDO,柔道 (Judo),2,2020 Olympic judo,LVA,Latvia,Europe,Northern Europe,noc,active,partial,https://www.ijf.org/competition/2035/judoka_nations,Historical official-event participation evidence; lower-bound activity record.
JUDO,柔道 (Judo),2,2020 Olympic judo,MAR,Morocco,Africa,Northern Africa,noc,active,partial,https://www.ijf.org/competition/2035/judoka_nations,Historical official-event participation evidence; lower-bound activity record.
JUDO,柔道 (Judo),2,2020 Olympic judo,MCO,Monaco,Europe,Western Europe,noc,active,partial,https://www.ijf.org/competition/2035/judoka_nations,Historical official-event participation evidence; lower-bound activity record.
JUDO,柔道 (Judo),2,2020 Olympic judo,MDA,Moldova,Europe,Eastern Europe,noc,active,partial,https://www.ijf.org/competition/2035/judoka_nations,Historical official-event participation evidence; lower-bound activity record.
JUDO,柔道 (Judo),2,2020 Olympic judo,MDG,Madagascar,Africa,Eastern Africa,noc,active,partial,https://www.ijf.org/competition/2035/judoka_nations,Historical official-event participation evidence; lower-bound activity record.
JUDO,柔道 (Judo),2,2020 Olympic judo,MEX,Mexico,Americas,North America,noc,active,partial,https://www.ijf.org/competition/2035/judoka_nations,Historical official-event participation evidence; lower-bound activity record.
JUDO,柔道 (Judo),2,2020 Olympic judo,MKD,North Macedonia,Europe,Southeast Europe,noc,active,partial,https://www.ijf.org/competition/2035/judoka_nations,Historical official-event participation evidence; lower-bound activity record.
JUDO,柔道 (Judo),2,2020 Olympic judo,MNE,Montenegro,Europe,Southeast Europe,noc,active,partial,https://www.ijf.org/competition/2035/judoka_nations,Historical official-event participation evidence; lower-bound activity record.
JUDO,柔道 (Judo),2,2020 Olympic judo,MNG,Mongolia,Asia,Eastern Asia,noc,active,partial,https://www.ijf.org/competition/2035/judoka_nations,Historical official-event participation evidence; lower-bound activity record.
JUDO,柔道 (Judo),2,2020 Olympic judo,MOZ,Mozambique,Africa,Eastern Africa,noc,active,partial,https://www.ijf.org/competition/2035/judoka_nations,Historical official-event participation evidence; lower-bound activity record.
JUDO,柔道 (Judo),2,2020 Olympic judo,MUS,Mauritius,Africa,Eastern Africa,noc,active,partial,https://www.ijf.org/competition/2035/judoka_nations,Historical official-event participation evidence; lower-bound activity record.
JUDO,柔道 (Judo),2,2020 Olympic judo,MWI,Malawi,Africa,Eastern Africa,noc,active,partial,https://www.ijf.org/competition/2035/judoka_nations,Historical official-event participation evidence; lower-bound activity record.
JUDO,柔道 (Judo),2,2020 Olympic judo,NER,Niger,Africa,Western Africa,noc,active,partial,https://www.ijf.org/competition/2035/judoka_nations,Historical official-event participation evidence; lower-bound activity record.
JUDO,柔道 (Judo),2,2020 Olympic judo,NIC,Nicaragua,Americas,Central America,noc,active,partial,https://www.ijf.org/competition/2035/judoka_nations,Historical official-event participation evidence; lower-bound activity record.
JUDO,柔道 (Judo),2,2020 Olympic judo,NLD,Netherlands,Europe,Western Europe,noc,active,partial,https://www.ijf.org/competition/2035/judoka_nations,Historical official-event participation evidence; lower-bound activity record.
JUDO,柔道 (Judo),2,2020 Olympic judo,NPL,Nepal,Asia,Southern Asia,noc,active,partial,https://www.ijf.org/competition/2035/judoka_nations,Historical official-event participation evidence; lower-bound activity record.
JUDO,柔道 (Judo),2,2020 Olympic judo,PAK,Pakistan,Asia,Southern Asia,noc,active,partial,https://www.ijf.org/competition/2035/judoka_nations,Historical official-event participation evidence; lower-bound activity record.
JUDO,柔道 (Judo),2,2020 Olympic judo,PAN,Panama,Americas,Central America,noc,active,partial,https://www.ijf.org/competition/2035/judoka_nations,Historical official-event participation evidence; lower-bound activity record.
JUDO,柔道 (Judo),2,2020 Olympic judo,PER,Peru,Americas,South America,noc,active,partial,https://www.ijf.org/competition/2035/judoka_nations,Historical official-event participation evidence; lower-bound activity record.
JUDO,柔道 (Judo),2,2020 Olympic judo,PHL,Philippines,Asia,South-Eastern Asia,noc,active,partial,https://www.ijf.org/competition/2035/judoka_nations,Historical official-event participation evidence; lower-bound activity record.
JUDO,柔道 (Judo),2,2020 Olympic judo,POL,Poland,Europe,Central Europe,noc,active,partial,https://www.ijf.org/competition/2035/judoka_nations,Historical official-event participation evidence; lower-bound activity record.
JUDO,柔道 (Judo),2,2020 Olympic judo,PRI,Puerto Rico,Americas,Caribbean,noc,active,partial,https://www.ijf.org/competition/2035/judoka_nations,Historical official-event participation evidence; lower-bound activity record.
JUDO,柔道 (Judo),2,2020 Olympic judo,PRT,Portugal,Europe,Southern Europe,noc,active,partial,https://www.ijf.org/competition/2035/judoka_nations,Historical official-event participation evidence; lower-bound activity record.
JUDO,柔道 (Judo),2,2020 Olympic judo,PSE,Palestine,Asia,Western Asia,noc,active,partial,https://www.ijf.org/competition/2035/judoka_nations,Historical official-event participation evidence; lower-bound activity record.
JUDO,柔道 (Judo),2,2020 Olympic judo,QAT,Qatar,Asia,Western Asia,noc,active,partial,https://www.ijf.org/competition/2035/judoka_nations,Historical official-event participation evidence; lower-bound activity record.
JUDO,柔道 (Judo),2,2020 Olympic judo,ROU,Romania,Europe,Southeast Europe,noc,active,partial,https://www.ijf.org/competition/2035/judoka_nations,Historical official-event participation evidence; lower-bound activity record.
JUDO,柔道 (Judo),2,2020 Olympic judo,RUS,Russia,Europe,Eastern Europe,noc,active,partial,https://www.ijf.org/competition/2035/judoka_nations,Historical official-event participation evidence; lower-bound activity record.
JUDO,柔道 (Judo),2,2020 Olympic judo,SAU,Saudi Arabia,Asia,Western Asia,noc,active,partial,https://www.ijf.org/competition/2035/judoka_nations,Historical official-event participation evidence; lower-bound activity record.
JUDO,柔道 (Judo),2,2020 Olympic judo,SDN,Sudan,Africa,Northern Africa,noc,active,partial,https://www.ijf.org/competition/2035/judoka_nations,Historical official-event participation evidence; lower-bound activity record.
JUDO,柔道 (Judo),2,2020 Olympic judo,SEN,Senegal,Africa,Western Africa,noc,active,partial,https://www.ijf.org/competition/2035/judoka_nations,Historical official-event participation evidence; lower-bound activity record.
JUDO,柔道 (Judo),2,2020 Olympic judo,SLE,Sierra Leone,Africa,Western Africa,noc,active,partial,https://www.ijf.org/competition/2035/judoka_nations,Historical official-event participation evidence; lower-bound activity record.
JUDO,柔道 (Judo),2,2020 Olympic judo,SMR,San Marino,Europe,Southern Europe,noc,active,partial,https://www.ijf.org/competition/2035/judoka_nations,Historical official-event participation evidence; lower-bound activity record.
JUDO,柔道 (Judo),2,2020 Olympic judo,SRB,Serbia,Europe,Southeast Europe,noc,active,partial,https://www.ijf.org/competition/2035/judoka_nations,Historical official-event participation evidence; lower-bound activity record.
JUDO,柔道 (Judo),2,2020 Olympic judo,SVN,Slovenia,Europe,Central Europe,noc,active,partial,https://www.ijf.org/competition/2035/judoka_nations,Historical official-event participation evidence; lower-bound activity record.
JUDO,柔道 (Judo),2,2020 Olympic judo,SWE,Sweden,Europe,Northern Europe,noc,active,partial,https://www.ijf.org/competition/2035/judoka_nations,Historical official-event participation evidence; lower-bound activity record.
JUDO,柔道 (Judo),2,2020 Olympic judo,SYC,Seychelles,Africa,Eastern Africa,noc,active,partial,https://www.ijf.org/competition/2035/judoka_nations,Historical official-event participation evidence; lower-bound activity record.
JUDO,柔道 (Judo),2,2020 Olympic judo,TCD,Chad,Africa,Middle Africa,noc,active,partial,https://www.ijf.org/competition/2035/judoka_nations,Historical official-event participation evidence; lower-bound activity record.
JUDO,柔道 (Judo),2,2020 Olympic judo,THA,Thailand,Asia,South-Eastern Asia,noc,active,partial,https://www.ijf.org/competition/2035/judoka_nations,Historical official-event participation evidence; lower-bound activity record.
JUDO,柔道 (Judo),2,2020 Olympic judo,TJK,Tajikistan,Asia,Central Asia,noc,active,partial,https://www.ijf.org/competition/2035/judoka_nations,Historical official-event participation evidence; lower-bound activity record.
JUDO,柔道 (Judo),2,2020 Olympic judo,TKM,Turkmenistan,Asia,Central Asia,noc,active,partial,https://www.ijf.org/competition/2035/judoka_nations,Historical official-event participation evidence; lower-bound activity record.
JUDO,柔道 (Judo),2,2020 Olympic judo,TTO,Trinidad and Tobago,Americas,Caribbean,noc,active,partial,https://www.ijf.org/competition/2035/judoka_nations,Historical official-event participation evidence; lower-bound activity record.
JUDO,柔道 (Judo),2,2020 Olympic judo,TUN,Tunisia,Africa,Northern Africa,noc,active,partial,https://www.ijf.org/competition/2035/judoka_nations,Historical official-event participation evidence; lower-bound activity record.
JUDO,柔道 (Judo),2,2020 Olympic judo,TUR,Türkiye,Asia,Western Asia,noc,active,partial,https://www.ijf.org/competition/2035/judoka_nations,Historical official-event participation evidence; lower-bound activity record.
JUDO,柔道 (Judo),2,2020 Olympic judo,TWN,Taiwan,Asia,Eastern Asia,noc,active,partial,https://www.ijf.org/competition/2035/judoka_nations,Historical official-event participation evidence; lower-bound activity record.
JUDO,柔道 (Judo),2,2020 Olympic judo,UKR,Ukraine,Europe,Eastern Europe,noc,active,partial,https://www.ijf.org/competition/2035/judoka_nations,Historical official-event participation evidence; lower-bound activity record.
JUDO,柔道 (Judo),2,2020 Olympic judo,UNK,Kosovo,Europe,Southeast Europe,noc,active,partial,https://www.ijf.org/competition/2035/judoka_nations,Historical official-event participation evidence; lower-bound activity record.
JUDO,柔道 (Judo),2,2020 Olympic judo,URY,Uruguay,Americas,South America,noc,active,partial,https://www.ijf.org/competition/2035/judoka_nations,Historical official-event participation evidence; lower-bound activity record.
JUDO,柔道 (Judo),2,2020 Olympic judo,USA,United States,Americas,North America,noc,active,partial,https://www.ijf.org/competition/2035/judoka_nations,Historical official-event participation evidence; lower-bound activity record.
JUDO,柔道 (Judo),2,2020 Olympic judo,UZB,Uzbekistan,Asia,Central Asia,noc,active,partial,https://www.ijf.org/competition/2035/judoka_nations,Historical official-event participation evidence; lower-bound activity record.
JUDO,柔道 (Judo),2,2020 Olympic judo,VEN,Venezuela,Americas,South America,noc,active,partial,https://www.ijf.org/competition/2035/judoka_nations,Historical official-event participation evidence; lower-bound activity record.
JUDO,柔道 (Judo),2,2020 Olympic judo,VNM,Vietnam,Asia,South-Eastern Asia,noc,active,partial,https://www.ijf.org/competition/2035/judoka_nations,Historical official-event participation evidence; lower-bound activity record.
JUDO,柔道 (Judo),2,2020 Olympic judo,VUT,Vanuatu,Oceania,Melanesia,noc,active,partial,https://www.ijf.org/competition/2035/judoka_nations,Historical official-event participation evidence; lower-bound activity record.
JUDO,柔道 (Judo),2,2020 Olympic judo,WSM,Samoa,Oceania,Polynesia,noc,active,partial,https://www.ijf.org/competition/2035/judoka_nations,Historical official-event participation evidence; lower-bound activity record.
JUDO,柔道 (Judo),2,2020 Olympic judo,YEM,Yemen,Asia,Western Asia,noc,active,partial,https://www.ijf.org/competition/2035/judoka_nations,Historical official-event participation evidence; lower-bound activity record.
JUDO,柔道 (Judo),2,2020 Olympic judo,ZAF,South Africa,Africa,Southern Africa,noc,active,partial,https://www.ijf.org/competition/2035/judoka_nations,Historical official-event participation evidence; lower-bound activity record.
JUDO,柔道 (Judo),2,2020 Olympic judo,ZMB,Zambia,Africa,Eastern Africa,noc,active,partial,https://www.ijf.org/competition/2035/judoka_nations,Historical official-event participation evidence; lower-bound activity record.
JUDO,柔道 (Judo),3,2024-2025 IJF membership/practice proxy,ABW,Aruba,Americas,Caribbean,if_member,active,partial,https://www.ijf.org/,"Current IF membership/association proxy for practising; partial coverage, not a claim of complete player registrations."
JUDO,柔道 (Judo),3,2024-2025 IJF membership/practice proxy,AFG,Afghanistan,Asia,Southern Asia,if_member,active,partial,https://www.ijf.org/,"Current IF membership/association proxy for practising; partial coverage, not a claim of complete player registrations."
JUDO,柔道 (Judo),3,2024-2025 IJF membership/practice proxy,AGO,Angola,Africa,Middle Africa,if_member,active,partial,https://www.ijf.org/,"Current IF membership/association proxy for practising; partial coverage, not a claim of complete player registrations."
JUDO,柔道 (Judo),3,2024-2025 IJF membership/practice proxy,ALB,Albania,Europe,Southeast Europe,if_member,active,partial,https://www.ijf.org/,"Current IF membership/association proxy for practising; partial coverage, not a claim of complete player registrations."
JUDO,柔道 (Judo),3,2024-2025 IJF membership/practice proxy,AND,Andorra,Europe,Southern Europe,if_member,active,partial,https://www.ijf.org/,"Current IF membership/association proxy for practising; partial coverage, not a claim of complete player registrations."
JUDO,柔道 (Judo),3,2024-2025 IJF membership/practice proxy,ARE,United Arab Emirates,Asia,Western Asia,if_member,active,partial,https://www.ijf.org/,"Current IF membership/association proxy for practising; partial coverage, not a claim of complete player registrations."
JUDO,柔道 (Judo),3,2024-2025 IJF membership/practice proxy,ARG,Argentina,Americas,South America,if_member,active,partial,https://www.ijf.org/,"Current IF membership/association proxy for practising; partial coverage, not a claim of complete player registrations."
JUDO,柔道 (Judo),3,2024-2025 IJF membership/practice proxy,ARM,Armenia,Asia,Western Asia,if_member,active,partial,https://www.ijf.org/,"Current IF membership/association proxy for practising; partial coverage, not a claim of complete player registrations."
JUDO,柔道 (Judo),3,2024-2025 IJF membership/practice proxy,ASM,American Samoa,Oceania,Polynesia,if_member,active,partial,https://www.ijf.org/,"Current IF membership/association proxy for practising; partial coverage, not a claim of complete player registrations."
JUDO,柔道 (Judo),3,2024-2025 IJF membership/practice proxy,AUS,Australia,Oceania,Australia and New Zealand,if_member,active,partial,https://www.ijf.org/,"Current IF membership/association proxy for practising; partial coverage, not a claim of complete player registrations."
JUDO,柔道 (Judo),3,2024-2025 IJF membership/practice proxy,AUT,Austria,Europe,Central Europe,if_member,active,partial,https://www.ijf.org/,"Current IF membership/association proxy for practising; partial coverage, not a claim of complete player registrations."
JUDO,柔道 (Judo),3,2024-2025 IJF membership/practice proxy,AZE,Azerbaijan,Asia,Western Asia,if_member,active,partial,https://www.ijf.org/,"Current IF membership/association proxy for practising; partial coverage, not a claim of complete player registrations."
JUDO,柔道 (Judo),3,2024-2025 IJF membership/practice proxy,BDI,Burundi,Africa,Eastern Africa,if_member,active,partial,https://www.ijf.org/,"Current IF membership/association proxy for practising; partial coverage, not a claim of complete player registrations."
JUDO,柔道 (Judo),3,2024-2025 IJF membership/practice proxy,BEL,Belgium,Europe,Western Europe,if_member,active,partial,https://www.ijf.org/,"Current IF membership/association proxy for practising; partial coverage, not a claim of complete player registrations."
JUDO,柔道 (Judo),3,2024-2025 IJF membership/practice proxy,BEN,Benin,Africa,Western Africa,if_member,active,partial,https://www.ijf.org/,"Current IF membership/association proxy for practising; partial coverage, not a claim of complete player registrations."
JUDO,柔道 (Judo),3,2024-2025 IJF membership/practice proxy,BFA,Burkina Faso,Africa,Western Africa,if_member,active,partial,https://www.ijf.org/,"Current IF membership/association proxy for practising; partial coverage, not a claim of complete player registrations."
JUDO,柔道 (Judo),3,2024-2025 IJF membership/practice proxy,BGD,Bangladesh,Asia,Southern Asia,if_member,active,partial,https://www.ijf.org/,"Current IF membership/association proxy for practising; partial coverage, not a claim of complete player registrations."
JUDO,柔道 (Judo),3,2024-2025 IJF membership/practice proxy,BGR,Bulgaria,Europe,Southeast Europe,if_member,active,partial,https://www.ijf.org/,"Current IF membership/association proxy for practising; partial coverage, not a claim of complete player registrations."
JUDO,柔道 (Judo),3,2024-2025 IJF membership/practice proxy,BHR,Bahrain,Asia,Western Asia,if_member,active,partial,https://www.ijf.org/,"Current IF membership/association proxy for practising; partial coverage, not a claim of complete player registrations."
JUDO,柔道 (Judo),3,2024-2025 IJF membership/practice proxy,BHS,Bahamas,Americas,Caribbean,if_member,active,partial,https://www.ijf.org/,"Current IF membership/association proxy for practising; partial coverage, not a claim of complete player registrations."
JUDO,柔道 (Judo),3,2024-2025 IJF membership/practice proxy,BIH,Bosnia and Herzegovina,Europe,Southeast Europe,if_member,active,partial,https://www.ijf.org/,"Current IF membership/association proxy for practising; partial coverage, not a claim of complete player registrations."
JUDO,柔道 (Judo),3,2024-2025 IJF membership/practice proxy,BLR,Belarus,Europe,Eastern Europe,if_member,active,partial,https://www.ijf.org/,"Current IF membership/association proxy for practising; partial coverage, not a claim of complete player registrations."
JUDO,柔道 (Judo),3,2024-2025 IJF membership/practice proxy,BLZ,Belize,Americas,Central America,if_member,active,partial,https://www.ijf.org/,"Current IF membership/association proxy for practising; partial coverage, not a claim of complete player registrations."
JUDO,柔道 (Judo),3,2024-2025 IJF membership/practice proxy,BOL,Bolivia,Americas,South America,if_member,active,partial,https://www.ijf.org/,"Current IF membership/association proxy for practising; partial coverage, not a claim of complete player registrations."
JUDO,柔道 (Judo),3,2024-2025 IJF membership/practice proxy,BRA,Brazil,Americas,South America,if_member,active,partial,https://www.ijf.org/,"Current IF membership/association proxy for practising; partial coverage, not a claim of complete player registrations."
JUDO,柔道 (Judo),3,2024-2025 IJF membership/practice proxy,BRB,Barbados,Americas,Caribbean,if_member,active,partial,https://www.ijf.org/,"Current IF membership/association proxy for practising; partial coverage, not a claim of complete player registrations."
JUDO,柔道 (Judo),3,2024-2025 IJF membership/practice proxy,BRN,Brunei,Asia,South-Eastern Asia,if_member,active,partial,https://www.ijf.org/,"Current IF membership/association proxy for practising; partial coverage, not a claim of complete player registrations."
JUDO,柔道 (Judo),3,2024-2025 IJF membership/practice proxy,BTN,Bhutan,Asia,Southern Asia,if_member,active,partial,https://www.ijf.org/,"Current IF membership/association proxy for practising; partial coverage, not a claim of complete player registrations."
JUDO,柔道 (Judo),3,2024-2025 IJF membership/practice proxy,BWA,Botswana,Africa,Southern Africa,if_member,active,partial,https://www.ijf.org/,"Current IF membership/association proxy for practising; partial coverage, not a claim of complete player registrations."
JUDO,柔道 (Judo),3,2024-2025 IJF membership/practice proxy,CAF,Central African Republic,Africa,Middle Africa,if_member,active,partial,https://www.ijf.org/,"Current IF membership/association proxy for practising; partial coverage, not a claim of complete player registrations."
JUDO,柔道 (Judo),3,2024-2025 IJF membership/practice proxy,CAN,Canada,Americas,North America,if_member,active,partial,https://www.ijf.org/,"Current IF membership/association proxy for practising; partial coverage, not a claim of complete player registrations."
JUDO,柔道 (Judo),3,2024-2025 IJF membership/practice proxy,CHE,Switzerland,Europe,Western Europe,if_member,active,partial,https://www.ijf.org/,"Current IF membership/association proxy for practising; partial coverage, not a claim of complete player registrations."
JUDO,柔道 (Judo),3,2024-2025 IJF membership/practice proxy,CHL,Chile,Americas,South America,if_member,active,partial,https://www.ijf.org/,"Current IF membership/association proxy for practising; partial coverage, not a claim of complete player registrations."
JUDO,柔道 (Judo),3,2024-2025 IJF membership/practice proxy,CHN,China,Asia,Eastern Asia,if_member,active,partial,https://www.ijf.org/,"Current IF membership/association proxy for practising; partial coverage, not a claim of complete player registrations."
JUDO,柔道 (Judo),3,2024-2025 IJF membership/practice proxy,CIV,Ivory Coast,Africa,Western Africa,if_member,active,partial,https://www.ijf.org/,"Current IF membership/association proxy for practising; partial coverage, not a claim of complete player registrations."
JUDO,柔道 (Judo),3,2024-2025 IJF membership/practice proxy,CMR,Cameroon,Africa,Middle Africa,if_member,active,partial,https://www.ijf.org/,"Current IF membership/association proxy for practising; partial coverage, not a claim of complete player registrations."
JUDO,柔道 (Judo),3,2024-2025 IJF membership/practice proxy,COD,DR Congo,Africa,Middle Africa,if_member,active,partial,https://www.ijf.org/,"Current IF membership/association proxy for practising; partial coverage, not a claim of complete player registrations."
JUDO,柔道 (Judo),3,2024-2025 IJF membership/practice proxy,COG,Congo,Africa,Middle Africa,if_member,active,partial,https://www.ijf.org/,"Current IF membership/association proxy for practising; partial coverage, not a claim of complete player registrations."
JUDO,柔道 (Judo),3,2024-2025 IJF membership/practice proxy,COK,Cook Islands,Oceania,Polynesia,if_member,active,partial,https://www.ijf.org/,"Current IF membership/association proxy for practising; partial coverage, not a claim of complete player registrations."
JUDO,柔道 (Judo),3,2024-2025 IJF membership/practice proxy,COL,Colombia,Americas,South America,if_member,active,partial,https://www.ijf.org/,"Current IF membership/association proxy for practising; partial coverage, not a claim of complete player registrations."
JUDO,柔道 (Judo),3,2024-2025 IJF membership/practice proxy,COM,Comoros,Africa,Eastern Africa,if_member,active,partial,https://www.ijf.org/,"Current IF membership/association proxy for practising; partial coverage, not a claim of complete player registrations."
JUDO,柔道 (Judo),3,2024-2025 IJF membership/practice proxy,CPV,Cape Verde,Africa,Western Africa,if_member,active,partial,https://www.ijf.org/,"Current IF membership/association proxy for practising; partial coverage, not a claim of complete player registrations."
JUDO,柔道 (Judo),3,2024-2025 IJF membership/practice proxy,CRI,Costa Rica,Americas,Central America,if_member,active,partial,https://www.ijf.org/,"Current IF membership/association proxy for practising; partial coverage, not a claim of complete player registrations."
JUDO,柔道 (Judo),3,2024-2025 IJF membership/practice proxy,CUB,Cuba,Americas,Caribbean,if_member,active,partial,https://www.ijf.org/,"Current IF membership/association proxy for practising; partial coverage, not a claim of complete player registrations."
JUDO,柔道 (Judo),3,2024-2025 IJF membership/practice proxy,CUW,Curaçao,Americas,Caribbean,if_member,active,partial,https://www.ijf.org/,"Current IF membership/association proxy for practising; partial coverage, not a claim of complete player registrations."
JUDO,柔道 (Judo),3,2024-2025 IJF membership/practice proxy,CYM,Cayman Islands,Americas,Caribbean,if_member,active,partial,https://www.ijf.org/,"Current IF membership/association proxy for practising; partial coverage, not a claim of complete player registrations."
JUDO,柔道 (Judo),3,2024-2025 IJF membership/practice proxy,CYP,Cyprus,Europe,Southern Europe,if_member,active,partial,https://www.ijf.org/,"Current IF membership/association proxy for practising; partial coverage, not a claim of complete player registrations."
JUDO,柔道 (Judo),3,2024-2025 IJF membership/practice proxy,CZE,Czechia,Europe,Central Europe,if_member,active,partial,https://www.ijf.org/,"Current IF membership/association proxy for practising; partial coverage, not a claim of complete player registrations."
JUDO,柔道 (Judo),3,2024-2025 IJF membership/practice proxy,DEU,Germany,Europe,Western Europe,if_member,active,partial,https://www.ijf.org/,"Current IF membership/association proxy for practising; partial coverage, not a claim of complete player registrations."
JUDO,柔道 (Judo),3,2024-2025 IJF membership/practice proxy,DJI,Djibouti,Africa,Eastern Africa,if_member,active,partial,https://www.ijf.org/,"Current IF membership/association proxy for practising; partial coverage, not a claim of complete player registrations."
JUDO,柔道 (Judo),3,2024-2025 IJF membership/practice proxy,DMA,Dominica,Americas,Caribbean,if_member,active,partial,https://www.ijf.org/,"Current IF membership/association proxy for practising; partial coverage, not a claim of complete player registrations."
JUDO,柔道 (Judo),3,2024-2025 IJF membership/practice proxy,DNK,Denmark,Europe,Northern Europe,if_member,active,partial,https://www.ijf.org/,"Current IF membership/association proxy for practising; partial coverage, not a claim of complete player registrations."
JUDO,柔道 (Judo),3,2024-2025 IJF membership/practice proxy,DOM,Dominican Republic,Americas,Caribbean,noc,active,partial,https://www.ijf.org/competition/2653/judoka_nations,"Current IF membership/association proxy for practising; partial coverage, not a claim of complete player registrations."
JUDO,柔道 (Judo),3,2024-2025 IJF membership/practice proxy,DZA,Algeria,Africa,Northern Africa,if_member,active,partial,https://www.ijf.org/,"Current IF membership/association proxy for practising; partial coverage, not a claim of complete player registrations."
JUDO,柔道 (Judo),3,2024-2025 IJF membership/practice proxy,ECU,Ecuador,Americas,South America,if_member,active,partial,https://www.ijf.org/,"Current IF membership/association proxy for practising; partial coverage, not a claim of complete player registrations."
JUDO,柔道 (Judo),3,2024-2025 IJF membership/practice proxy,EGY,Egypt,Africa,Northern Africa,if_member,active,partial,https://www.ijf.org/,"Current IF membership/association proxy for practising; partial coverage, not a claim of complete player registrations."
JUDO,柔道 (Judo),3,2024-2025 IJF membership/practice proxy,ESP,Spain,Europe,Southern Europe,if_member,active,partial,https://www.ijf.org/,"Current IF membership/association proxy for practising; partial coverage, not a claim of complete player registrations."
JUDO,柔道 (Judo),3,2024-2025 IJF membership/practice proxy,EST,Estonia,Europe,Northern Europe,if_member,active,partial,https://www.ijf.org/,"Current IF membership/association proxy for practising; partial coverage, not a claim of complete player registrations."
JUDO,柔道 (Judo),3,2024-2025 IJF membership/practice proxy,ETH,Ethiopia,Africa,Eastern Africa,if_member,active,partial,https://www.ijf.org/,"Current IF membership/association proxy for practising; partial coverage, not a claim of complete player registrations."
JUDO,柔道 (Judo),3,2024-2025 IJF membership/practice proxy,FIN,Finland,Europe,Northern Europe,if_member,active,partial,https://www.ijf.org/,"Current IF membership/association proxy for practising; partial coverage, not a claim of complete player registrations."
JUDO,柔道 (Judo),3,2024-2025 IJF membership/practice proxy,FJI,Fiji,Oceania,Melanesia,if_member,active,partial,https://www.ijf.org/,"Current IF membership/association proxy for practising; partial coverage, not a claim of complete player registrations."
JUDO,柔道 (Judo),3,2024-2025 IJF membership/practice proxy,FRA,France,Europe,Western Europe,if_member,active,partial,https://www.ijf.org/,"Current IF membership/association proxy for practising; partial coverage, not a claim of complete player registrations."
JUDO,柔道 (Judo),3,2024-2025 IJF membership/practice proxy,FRO,Faroe Islands,Europe,Northern Europe,if_member,active,partial,https://www.ijf.org/,"Current IF membership/association proxy for practising; partial coverage, not a claim of complete player registrations."
JUDO,柔道 (Judo),3,2024-2025 IJF membership/practice proxy,GAB,Gabon,Africa,Middle Africa,if_member,active,partial,https://www.ijf.org/,"Current IF membership/association proxy for practising; partial coverage, not a claim of complete player registrations."
JUDO,柔道 (Judo),3,2024-2025 IJF membership/practice proxy,GBR,United Kingdom,Europe,Northern Europe,if_member,active,partial,https://www.ijf.org/,"Current IF membership/association proxy for practising; partial coverage, not a claim of complete player registrations."
JUDO,柔道 (Judo),3,2024-2025 IJF membership/practice proxy,GEO,Georgia,Asia,Western Asia,if_member,active,partial,https://www.ijf.org/,"Current IF membership/association proxy for practising; partial coverage, not a claim of complete player registrations."
JUDO,柔道 (Judo),3,2024-2025 IJF membership/practice proxy,GHA,Ghana,Africa,Western Africa,if_member,active,partial,https://www.ijf.org/,"Current IF membership/association proxy for practising; partial coverage, not a claim of complete player registrations."
JUDO,柔道 (Judo),3,2024-2025 IJF membership/practice proxy,GIN,Guinea,Africa,Western Africa,if_member,active,partial,https://www.ijf.org/,"Current IF membership/association proxy for practising; partial coverage, not a claim of complete player registrations."
JUDO,柔道 (Judo),3,2024-2025 IJF membership/practice proxy,GLP,Guadeloupe,Americas,Caribbean,if_member,active,partial,https://www.ijf.org/,"Current IF membership/association proxy for practising; partial coverage, not a claim of complete player registrations."
JUDO,柔道 (Judo),3,2024-2025 IJF membership/practice proxy,GMB,Gambia,Africa,Western Africa,if_member,active,partial,https://www.ijf.org/,"Current IF membership/association proxy for practising; partial coverage, not a claim of complete player registrations."
JUDO,柔道 (Judo),3,2024-2025 IJF membership/practice proxy,GNB,Guinea-Bissau,Africa,Western Africa,if_member,active,partial,https://www.ijf.org/,"Current IF membership/association proxy for practising; partial coverage, not a claim of complete player registrations."
JUDO,柔道 (Judo),3,2024-2025 IJF membership/practice proxy,GNQ,Equatorial Guinea,Africa,Middle Africa,if_member,active,partial,https://www.ijf.org/,"Current IF membership/association proxy for practising; partial coverage, not a claim of complete player registrations."
JUDO,柔道 (Judo),3,2024-2025 IJF membership/practice proxy,GRC,Greece,Europe,Southern Europe,if_member,active,partial,https://www.ijf.org/,"Current IF membership/association proxy for practising; partial coverage, not a claim of complete player registrations."
JUDO,柔道 (Judo),3,2024-2025 IJF membership/practice proxy,GTM,Guatemala,Americas,Central America,if_member,active,partial,https://www.ijf.org/,"Current IF membership/association proxy for practising; partial coverage, not a claim of complete player registrations."
JUDO,柔道 (Judo),3,2024-2025 IJF membership/practice proxy,GUF,French Guiana,Americas,South America,if_member,active,partial,https://www.ijf.org/,"Current IF membership/association proxy for practising; partial coverage, not a claim of complete player registrations."
JUDO,柔道 (Judo),3,2024-2025 IJF membership/practice proxy,GUM,Guam,Oceania,Micronesia,if_member,active,partial,https://www.ijf.org/,"Current IF membership/association proxy for practising; partial coverage, not a claim of complete player registrations."
JUDO,柔道 (Judo),3,2024-2025 IJF membership/practice proxy,HKG,Hong Kong,Asia,Eastern Asia,if_member,active,partial,https://www.ijf.org/,"Current IF membership/association proxy for practising; partial coverage, not a claim of complete player registrations."
JUDO,柔道 (Judo),3,2024-2025 IJF membership/practice proxy,HND,Honduras,Americas,Central America,if_member,active,partial,https://www.ijf.org/,"Current IF membership/association proxy for practising; partial coverage, not a claim of complete player registrations."
JUDO,柔道 (Judo),3,2024-2025 IJF membership/practice proxy,HRV,Croatia,Europe,Southeast Europe,if_member,active,partial,https://www.ijf.org/,"Current IF membership/association proxy for practising; partial coverage, not a claim of complete player registrations."
JUDO,柔道 (Judo),3,2024-2025 IJF membership/practice proxy,HTI,Haiti,Americas,Caribbean,if_member,active,partial,https://www.ijf.org/,"Current IF membership/association proxy for practising; partial coverage, not a claim of complete player registrations."
JUDO,柔道 (Judo),3,2024-2025 IJF membership/practice proxy,HUN,Hungary,Europe,Central Europe,if_member,active,partial,https://www.ijf.org/,"Current IF membership/association proxy for practising; partial coverage, not a claim of complete player registrations."
JUDO,柔道 (Judo),3,2024-2025 IJF membership/practice proxy,IDN,Indonesia,Asia,South-Eastern Asia,if_member,active,partial,https://www.ijf.org/,"Current IF membership/association proxy for practising; partial coverage, not a claim of complete player registrations."
JUDO,柔道 (Judo),3,2024-2025 IJF membership/practice proxy,IND,India,Asia,Southern Asia,if_member,active,partial,https://www.ijf.org/,"Current IF membership/association proxy for practising; partial coverage, not a claim of complete player registrations."
JUDO,柔道 (Judo),3,2024-2025 IJF membership/practice proxy,IRL,Ireland,Europe,Northern Europe,if_member,active,partial,https://www.ijf.org/,"Current IF membership/association proxy for practising; partial coverage, not a claim of complete player registrations."
JUDO,柔道 (Judo),3,2024-2025 IJF membership/practice proxy,IRN,Iran,Asia,Southern Asia,if_member,active,partial,https://www.ijf.org/,"Current IF membership/association proxy for practising; partial coverage, not a claim of complete player registrations."
JUDO,柔道 (Judo),3,2024-2025 IJF membership/practice proxy,IRQ,Iraq,Asia,Western Asia,if_member,active,partial,https://www.ijf.org/,"Current IF membership/association proxy for practising; partial coverage, not a claim of complete player registrations."
JUDO,柔道 (Judo),3,2024-2025 IJF membership/practice proxy,ISL,Iceland,Europe,Northern Europe,if_member,active,partial,https://www.ijf.org/,"Current IF membership/association proxy for practising; partial coverage, not a claim of complete player registrations."
JUDO,柔道 (Judo),3,2024-2025 IJF membership/practice proxy,ISR,Israel,Asia,Western Asia,if_member,active,partial,https://www.ijf.org/,"Current IF membership/association proxy for practising; partial coverage, not a claim of complete player registrations."
JUDO,柔道 (Judo),3,2024-2025 IJF membership/practice proxy,ITA,Italy,Europe,Southern Europe,if_member,active,partial,https://www.ijf.org/,"Current IF membership/association proxy for practising; partial coverage, not a claim of complete player registrations."
JUDO,柔道 (Judo),3,2024-2025 IJF membership/practice proxy,JAM,Jamaica,Americas,Caribbean,if_member,active,partial,https://www.ijf.org/,"Current IF membership/association proxy for practising; partial coverage, not a claim of complete player registrations."
JUDO,柔道 (Judo),3,2024-2025 IJF membership/practice proxy,JOR,Jordan,Asia,Western Asia,if_member,active,partial,https://www.ijf.org/,"Current IF membership/association proxy for practising; partial coverage, not a claim of complete player registrations."
JUDO,柔道 (Judo),3,2024-2025 IJF membership/practice proxy,JPN,Japan,Asia,Eastern Asia,if_member,active,partial,https://www.ijf.org/,"Current IF membership/association proxy for practising; partial coverage, not a claim of complete player registrations."
JUDO,柔道 (Judo),3,2024-2025 IJF membership/practice proxy,KAZ,Kazakhstan,Asia,Central Asia,if_member,active,partial,https://www.ijf.org/,"Current IF membership/association proxy for practising; partial coverage, not a claim of complete player registrations."
JUDO,柔道 (Judo),3,2024-2025 IJF membership/practice proxy,KEN,Kenya,Africa,Eastern Africa,if_member,active,partial,https://www.ijf.org/,"Current IF membership/association proxy for practising; partial coverage, not a claim of complete player registrations."
JUDO,柔道 (Judo),3,2024-2025 IJF membership/practice proxy,KGZ,Kyrgyzstan,Asia,Central Asia,if_member,active,partial,https://www.ijf.org/,"Current IF membership/association proxy for practising; partial coverage, not a claim of complete player registrations."
JUDO,柔道 (Judo),3,2024-2025 IJF membership/practice proxy,KHM,Cambodia,Asia,South-Eastern Asia,if_member,active,partial,https://www.ijf.org/,"Current IF membership/association proxy for practising; partial coverage, not a claim of complete player registrations."
JUDO,柔道 (Judo),3,2024-2025 IJF membership/practice proxy,KIR,Kiribati,Oceania,Micronesia,if_member,active,partial,https://www.ijf.org/,"Current IF membership/association proxy for practising; partial coverage, not a claim of complete player registrations."
JUDO,柔道 (Judo),3,2024-2025 IJF membership/practice proxy,KOR,South Korea,Asia,Eastern Asia,noc,active,partial,https://www.ijf.org/competition/2653/judoka_nations,"Current IF membership/association proxy for practising; partial coverage, not a claim of complete player registrations."
JUDO,柔道 (Judo),3,2024-2025 IJF membership/practice proxy,KWT,Kuwait,Asia,Western Asia,if_member,active,partial,https://www.ijf.org/,"Current IF membership/association proxy for practising; partial coverage, not a claim of complete player registrations."
JUDO,柔道 (Judo),3,2024-2025 IJF membership/practice proxy,LAO,Laos,Asia,South-Eastern Asia,if_member,active,partial,https://www.ijf.org/,"Current IF membership/association proxy for practising; partial coverage, not a claim of complete player registrations."
JUDO,柔道 (Judo),3,2024-2025 IJF membership/practice proxy,LBN,Lebanon,Asia,Western Asia,if_member,active,partial,https://www.ijf.org/,"Current IF membership/association proxy for practising; partial coverage, not a claim of complete player registrations."
JUDO,柔道 (Judo),3,2024-2025 IJF membership/practice proxy,LBR,Liberia,Africa,Western Africa,if_member,active,partial,https://www.ijf.org/,"Current IF membership/association proxy for practising; partial coverage, not a claim of complete player registrations."
JUDO,柔道 (Judo),3,2024-2025 IJF membership/practice proxy,LBY,Libya,Africa,Northern Africa,if_member,active,partial,https://www.ijf.org/,"Current IF membership/association proxy for practising; partial coverage, not a claim of complete player registrations."
JUDO,柔道 (Judo),3,2024-2025 IJF membership/practice proxy,LCA,Saint Lucia,Americas,Caribbean,if_member,active,partial,https://www.ijf.org/,"Current IF membership/association proxy for practising; partial coverage, not a claim of complete player registrations."
JUDO,柔道 (Judo),3,2024-2025 IJF membership/practice proxy,LIE,Liechtenstein,Europe,Western Europe,if_member,active,partial,https://www.ijf.org/,"Current IF membership/association proxy for practising; partial coverage, not a claim of complete player registrations."
JUDO,柔道 (Judo),3,2024-2025 IJF membership/practice proxy,LKA,Sri Lanka,Asia,Southern Asia,if_member,active,partial,https://www.ijf.org/,"Current IF membership/association proxy for practising; partial coverage, not a claim of complete player registrations."
JUDO,柔道 (Judo),3,2024-2025 IJF membership/practice proxy,LSO,Lesotho,Africa,Southern Africa,if_member,active,partial,https://www.ijf.org/,"Current IF membership/association proxy for practising; partial coverage, not a claim of complete player registrations."
JUDO,柔道 (Judo),3,2024-2025 IJF membership/practice proxy,LTU,Lithuania,Europe,Northern Europe,if_member,active,partial,https://www.ijf.org/,"Current IF membership/association proxy for practising; partial coverage, not a claim of complete player registrations."
JUDO,柔道 (Judo),3,2024-2025 IJF membership/practice proxy,LUX,Luxembourg,Europe,Western Europe,if_member,active,partial,https://www.ijf.org/,"Current IF membership/association proxy for practising; partial coverage, not a claim of complete player registrations."
JUDO,柔道 (Judo),3,2024-2025 IJF membership/practice proxy,LVA,Latvia,Europe,Northern Europe,if_member,active,partial,https://www.ijf.org/,"Current IF membership/association proxy for practising; partial coverage, not a claim of complete player registrations."
JUDO,柔道 (Judo),3,2024-2025 IJF membership/practice proxy,MAC,Macau,Asia,Eastern Asia,if_member,active,partial,https://www.ijf.org/,"Current IF membership/association proxy for practising; partial coverage, not a claim of complete player registrations."
JUDO,柔道 (Judo),3,2024-2025 IJF membership/practice proxy,MAR,Morocco,Africa,Northern Africa,if_member,active,partial,https://www.ijf.org/,"Current IF membership/association proxy for practising; partial coverage, not a claim of complete player registrations."
JUDO,柔道 (Judo),3,2024-2025 IJF membership/practice proxy,MCO,Monaco,Europe,Western Europe,if_member,active,partial,https://www.ijf.org/,"Current IF membership/association proxy for practising; partial coverage, not a claim of complete player registrations."
JUDO,柔道 (Judo),3,2024-2025 IJF membership/practice proxy,MDA,Moldova,Europe,Eastern Europe,if_member,active,partial,https://www.ijf.org/,"Current IF membership/association proxy for practising; partial coverage, not a claim of complete player registrations."
JUDO,柔道 (Judo),3,2024-2025 IJF membership/practice proxy,MDG,Madagascar,Africa,Eastern Africa,if_member,active,partial,https://www.ijf.org/,"Current IF membership/association proxy for practising; partial coverage, not a claim of complete player registrations."
JUDO,柔道 (Judo),3,2024-2025 IJF membership/practice proxy,MEX,Mexico,Americas,North America,if_member,active,partial,https://www.ijf.org/,"Current IF membership/association proxy for practising; partial coverage, not a claim of complete player registrations."
JUDO,柔道 (Judo),3,2024-2025 IJF membership/practice proxy,MHL,Marshall Islands,Oceania,Micronesia,if_member,active,partial,https://www.ijf.org/,"Current IF membership/association proxy for practising; partial coverage, not a claim of complete player registrations."
JUDO,柔道 (Judo),3,2024-2025 IJF membership/practice proxy,MKD,North Macedonia,Europe,Southeast Europe,if_member,active,partial,https://www.ijf.org/,"Current IF membership/association proxy for practising; partial coverage, not a claim of complete player registrations."
JUDO,柔道 (Judo),3,2024-2025 IJF membership/practice proxy,MLI,Mali,Africa,Western Africa,if_member,active,partial,https://www.ijf.org/,"Current IF membership/association proxy for practising; partial coverage, not a claim of complete player registrations."
JUDO,柔道 (Judo),3,2024-2025 IJF membership/practice proxy,MLT,Malta,Europe,Southern Europe,if_member,active,partial,https://www.ijf.org/,"Current IF membership/association proxy for practising; partial coverage, not a claim of complete player registrations."
JUDO,柔道 (Judo),3,2024-2025 IJF membership/practice proxy,MMR,Myanmar,Asia,South-Eastern Asia,if_member,active,partial,https://www.ijf.org/,"Current IF membership/association proxy for practising; partial coverage, not a claim of complete player registrations."
JUDO,柔道 (Judo),3,2024-2025 IJF membership/practice proxy,MNE,Montenegro,Europe,Southeast Europe,if_member,active,partial,https://www.ijf.org/,"Current IF membership/association proxy for practising; partial coverage, not a claim of complete player registrations."
JUDO,柔道 (Judo),3,2024-2025 IJF membership/practice proxy,MNG,Mongolia,Asia,Eastern Asia,if_member,active,partial,https://www.ijf.org/,"Current IF membership/association proxy for practising; partial coverage, not a claim of complete player registrations."
JUDO,柔道 (Judo),3,2024-2025 IJF membership/practice proxy,MOZ,Mozambique,Africa,Eastern Africa,if_member,active,partial,https://www.ijf.org/,"Current IF membership/association proxy for practising; partial coverage, not a claim of complete player registrations."
JUDO,柔道 (Judo),3,2024-2025 IJF membership/practice proxy,MRT,Mauritania,Africa,Western Africa,if_member,active,partial,https://www.ijf.org/,"Current IF membership/association proxy for practising; partial coverage, not a claim of complete player registrations."
JUDO,柔道 (Judo),3,2024-2025 IJF membership/practice proxy,MUS,Mauritius,Africa,Eastern Africa,if_member,active,partial,https://www.ijf.org/,"Current IF membership/association proxy for practising; partial coverage, not a claim of complete player registrations."
JUDO,柔道 (Judo),3,2024-2025 IJF membership/practice proxy,MWI,Malawi,Africa,Eastern Africa,if_member,active,partial,https://www.ijf.org/,"Current IF membership/association proxy for practising; partial coverage, not a claim of complete player registrations."
JUDO,柔道 (Judo),3,2024-2025 IJF membership/practice proxy,MYS,Malaysia,Asia,South-Eastern Asia,if_member,active,partial,https://www.ijf.org/,"Current IF membership/association proxy for practising; partial coverage, not a claim of complete player registrations."
JUDO,柔道 (Judo),3,2024-2025 IJF membership/practice proxy,NAM,Namibia,Africa,Southern Africa,if_member,active,partial,https://www.ijf.org/,"Current IF membership/association proxy for practising; partial coverage, not a claim of complete player registrations."
JUDO,柔道 (Judo),3,2024-2025 IJF membership/practice proxy,NCL,New Caledonia,Oceania,Melanesia,if_member,active,partial,https://www.ijf.org/,"Current IF membership/association proxy for practising; partial coverage, not a claim of complete player registrations."
JUDO,柔道 (Judo),3,2024-2025 IJF membership/practice proxy,NER,Niger,Africa,Western Africa,if_member,active,partial,https://www.ijf.org/,"Current IF membership/association proxy for practising; partial coverage, not a claim of complete player registrations."
JUDO,柔道 (Judo),3,2024-2025 IJF membership/practice proxy,NFK,Norfolk Island,Oceania,Australia and New Zealand,if_member,active,partial,https://www.ijf.org/,"Current IF membership/association proxy for practising; partial coverage, not a claim of complete player registrations."
JUDO,柔道 (Judo),3,2024-2025 IJF membership/practice proxy,NGA,Nigeria,Africa,Western Africa,if_member,active,partial,https://www.ijf.org/,"Current IF membership/association proxy for practising; partial coverage, not a claim of complete player registrations."
JUDO,柔道 (Judo),3,2024-2025 IJF membership/practice proxy,NIC,Nicaragua,Americas,Central America,if_member,active,partial,https://www.ijf.org/,"Current IF membership/association proxy for practising; partial coverage, not a claim of complete player registrations."
JUDO,柔道 (Judo),3,2024-2025 IJF membership/practice proxy,NIU,Niue,Oceania,Polynesia,if_member,active,partial,https://www.ijf.org/,"Current IF membership/association proxy for practising; partial coverage, not a claim of complete player registrations."
JUDO,柔道 (Judo),3,2024-2025 IJF membership/practice proxy,NLD,Netherlands,Europe,Western Europe,if_member,active,partial,https://www.ijf.org/,"Current IF membership/association proxy for practising; partial coverage, not a claim of complete player registrations."
JUDO,柔道 (Judo),3,2024-2025 IJF membership/practice proxy,NOR,Norway,Europe,Northern Europe,if_member,active,partial,https://www.ijf.org/,"Current IF membership/association proxy for practising; partial coverage, not a claim of complete player registrations."
JUDO,柔道 (Judo),3,2024-2025 IJF membership/practice proxy,NPL,Nepal,Asia,Southern Asia,if_member,active,partial,https://www.ijf.org/,"Current IF membership/association proxy for practising; partial coverage, not a claim of complete player registrations."
JUDO,柔道 (Judo),3,2024-2025 IJF membership/practice proxy,NRU,Nauru,Oceania,Micronesia,if_member,active,partial,https://www.ijf.org/,"Current IF membership/association proxy for practising; partial coverage, not a claim of complete player registrations."
JUDO,柔道 (Judo),3,2024-2025 IJF membership/practice proxy,NZL,New Zealand,Oceania,Australia and New Zealand,if_member,active,partial,https://www.ijf.org/,"Current IF membership/association proxy for practising; partial coverage, not a claim of complete player registrations."
JUDO,柔道 (Judo),3,2024-2025 IJF membership/practice proxy,PAK,Pakistan,Asia,Southern Asia,if_member,active,partial,https://www.ijf.org/,"Current IF membership/association proxy for practising; partial coverage, not a claim of complete player registrations."
JUDO,柔道 (Judo),3,2024-2025 IJF membership/practice proxy,PAN,Panama,Americas,Central America,if_member,active,partial,https://www.ijf.org/,"Current IF membership/association proxy for practising; partial coverage, not a claim of complete player registrations."
JUDO,柔道 (Judo),3,2024-2025 IJF membership/practice proxy,PER,Peru,Americas,South America,if_member,active,partial,https://www.ijf.org/,"Current IF membership/association proxy for practising; partial coverage, not a claim of complete player registrations."
JUDO,柔道 (Judo),3,2024-2025 IJF membership/practice proxy,PHL,Philippines,Asia,South-Eastern Asia,if_member,active,partial,https://www.ijf.org/,"Current IF membership/association proxy for practising; partial coverage, not a claim of complete player registrations."
JUDO,柔道 (Judo),3,2024-2025 IJF membership/practice proxy,PLW,Palau,Oceania,Micronesia,if_member,active,partial,https://www.ijf.org/,"Current IF membership/association proxy for practising; partial coverage, not a claim of complete player registrations."
JUDO,柔道 (Judo),3,2024-2025 IJF membership/practice proxy,PNG,Papua New Guinea,Oceania,Melanesia,if_member,active,partial,https://www.ijf.org/,"Current IF membership/association proxy for practising; partial coverage, not a claim of complete player registrations."
JUDO,柔道 (Judo),3,2024-2025 IJF membership/practice proxy,POL,Poland,Europe,Central Europe,if_member,active,partial,https://www.ijf.org/,"Current IF membership/association proxy for practising; partial coverage, not a claim of complete player registrations."
JUDO,柔道 (Judo),3,2024-2025 IJF membership/practice proxy,PRI,Puerto Rico,Americas,Caribbean,if_member,active,partial,https://www.ijf.org/,"Current IF membership/association proxy for practising; partial coverage, not a claim of complete player registrations."
JUDO,柔道 (Judo),3,2024-2025 IJF membership/practice proxy,PRK,North Korea,Asia,Eastern Asia,noc,active,partial,https://www.ijf.org/competition/2653/judoka_nations,"Current IF membership/association proxy for practising; partial coverage, not a claim of complete player registrations."
JUDO,柔道 (Judo),3,2024-2025 IJF membership/practice proxy,PRT,Portugal,Europe,Southern Europe,if_member,active,partial,https://www.ijf.org/,"Current IF membership/association proxy for practising; partial coverage, not a claim of complete player registrations."
JUDO,柔道 (Judo),3,2024-2025 IJF membership/practice proxy,PRY,Paraguay,Americas,South America,if_member,active,partial,https://www.ijf.org/,"Current IF membership/association proxy for practising; partial coverage, not a claim of complete player registrations."
JUDO,柔道 (Judo),3,2024-2025 IJF membership/practice proxy,PSE,Palestine,Asia,Western Asia,if_member,active,partial,https://www.ijf.org/,"Current IF membership/association proxy for practising; partial coverage, not a claim of complete player registrations."
JUDO,柔道 (Judo),3,2024-2025 IJF membership/practice proxy,PYF,French Polynesia,Oceania,Polynesia,if_member,active,partial,https://www.ijf.org/,"Current IF membership/association proxy for practising; partial coverage, not a claim of complete player registrations."
JUDO,柔道 (Judo),3,2024-2025 IJF membership/practice proxy,QAT,Qatar,Asia,Western Asia,if_member,active,partial,https://www.ijf.org/,"Current IF membership/association proxy for practising; partial coverage, not a claim of complete player registrations."
JUDO,柔道 (Judo),3,2024-2025 IJF membership/practice proxy,REU,Réunion,Africa,Eastern Africa,if_member,active,partial,https://www.ijf.org/,"Current IF membership/association proxy for practising; partial coverage, not a claim of complete player registrations."
JUDO,柔道 (Judo),3,2024-2025 IJF membership/practice proxy,ROU,Romania,Europe,Southeast Europe,if_member,active,partial,https://www.ijf.org/,"Current IF membership/association proxy for practising; partial coverage, not a claim of complete player registrations."
JUDO,柔道 (Judo),3,2024-2025 IJF membership/practice proxy,RUS,Russia,Europe,Eastern Europe,if_member,active,partial,https://www.ijf.org/,"Current IF membership/association proxy for practising; partial coverage, not a claim of complete player registrations."
JUDO,柔道 (Judo),3,2024-2025 IJF membership/practice proxy,RWA,Rwanda,Africa,Eastern Africa,if_member,active,partial,https://www.ijf.org/,"Current IF membership/association proxy for practising; partial coverage, not a claim of complete player registrations."
JUDO,柔道 (Judo),3,2024-2025 IJF membership/practice proxy,SAU,Saudi Arabia,Asia,Western Asia,if_member,active,partial,https://www.ijf.org/,"Current IF membership/association proxy for practising; partial coverage, not a claim of complete player registrations."
JUDO,柔道 (Judo),3,2024-2025 IJF membership/practice proxy,SDN,Sudan,Africa,Northern Africa,if_member,active,partial,https://www.ijf.org/,"Current IF membership/association proxy for practising; partial coverage, not a claim of complete player registrations."
JUDO,柔道 (Judo),3,2024-2025 IJF membership/practice proxy,SEN,Senegal,Africa,Western Africa,if_member,active,partial,https://www.ijf.org/,"Current IF membership/association proxy for practising; partial coverage, not a claim of complete player registrations."
JUDO,柔道 (Judo),3,2024-2025 IJF membership/practice proxy,SGP,Singapore,Asia,South-Eastern Asia,if_member,active,partial,https://www.ijf.org/,"Current IF membership/association proxy for practising; partial coverage, not a claim of complete player registrations."
JUDO,柔道 (Judo),3,2024-2025 IJF membership/practice proxy,SLB,Solomon Islands,Oceania,Melanesia,if_member,active,partial,https://www.ijf.org/,"Current IF membership/association proxy for practising; partial coverage, not a claim of complete player registrations."
JUDO,柔道 (Judo),3,2024-2025 IJF membership/practice proxy,SLE,Sierra Leone,Africa,Western Africa,if_member,active,partial,https://www.ijf.org/,"Current IF membership/association proxy for practising; partial coverage, not a claim of complete player registrations."
JUDO,柔道 (Judo),3,2024-2025 IJF membership/practice proxy,SLV,El Salvador,Americas,Central America,if_member,active,partial,https://www.ijf.org/,"Current IF membership/association proxy for practising; partial coverage, not a claim of complete player registrations."
JUDO,柔道 (Judo),3,2024-2025 IJF membership/practice proxy,SMR,San Marino,Europe,Southern Europe,if_member,active,partial,https://www.ijf.org/,"Current IF membership/association proxy for practising; partial coverage, not a claim of complete player registrations."
JUDO,柔道 (Judo),3,2024-2025 IJF membership/practice proxy,SOM,Somalia,Africa,Eastern Africa,if_member,active,partial,https://www.ijf.org/,"Current IF membership/association proxy for practising; partial coverage, not a claim of complete player registrations."
JUDO,柔道 (Judo),3,2024-2025 IJF membership/practice proxy,SRB,Serbia,Europe,Southeast Europe,if_member,active,partial,https://www.ijf.org/,"Current IF membership/association proxy for practising; partial coverage, not a claim of complete player registrations."
JUDO,柔道 (Judo),3,2024-2025 IJF membership/practice proxy,SSD,South Sudan,Africa,Middle Africa,if_member,active,partial,https://www.ijf.org/,"Current IF membership/association proxy for practising; partial coverage, not a claim of complete player registrations."
JUDO,柔道 (Judo),3,2024-2025 IJF membership/practice proxy,STP,São Tomé and Príncipe,Africa,Middle Africa,if_member,active,partial,https://www.ijf.org/,"Current IF membership/association proxy for practising; partial coverage, not a claim of complete player registrations."
JUDO,柔道 (Judo),3,2024-2025 IJF membership/practice proxy,SUR,Suriname,Americas,South America,if_member,active,partial,https://www.ijf.org/,"Current IF membership/association proxy for practising; partial coverage, not a claim of complete player registrations."
JUDO,柔道 (Judo),3,2024-2025 IJF membership/practice proxy,SVK,Slovakia,Europe,Central Europe,if_member,active,partial,https://www.ijf.org/,"Current IF membership/association proxy for practising; partial coverage, not a claim of complete player registrations."
JUDO,柔道 (Judo),3,2024-2025 IJF membership/practice proxy,SVN,Slovenia,Europe,Central Europe,if_member,active,partial,https://www.ijf.org/,"Current IF membership/association proxy for practising; partial coverage, not a claim of complete player registrations."
JUDO,柔道 (Judo),3,2024-2025 IJF membership/practice proxy,SWE,Sweden,Europe,Northern Europe,if_member,active,partial,https://www.ijf.org/,"Current IF membership/association proxy for practising; partial coverage, not a claim of complete player registrations."
JUDO,柔道 (Judo),3,2024-2025 IJF membership/practice proxy,SWZ,Eswatini,Africa,Southern Africa,if_member,active,partial,https://www.ijf.org/,"Current IF membership/association proxy for practising; partial coverage, not a claim of complete player registrations."
JUDO,柔道 (Judo),3,2024-2025 IJF membership/practice proxy,SXM,Sint Maarten,Americas,Caribbean,if_member,active,partial,https://www.ijf.org/,"Current IF membership/association proxy for practising; partial coverage, not a claim of complete player registrations."
JUDO,柔道 (Judo),3,2024-2025 IJF membership/practice proxy,SYC,Seychelles,Africa,Eastern Africa,if_member,active,partial,https://www.ijf.org/,"Current IF membership/association proxy for practising; partial coverage, not a claim of complete player registrations."
JUDO,柔道 (Judo),3,2024-2025 IJF membership/practice proxy,SYR,Syria,Asia,Western Asia,if_member,active,partial,https://www.ijf.org/,"Current IF membership/association proxy for practising; partial coverage, not a claim of complete player registrations."
JUDO,柔道 (Judo),3,2024-2025 IJF membership/practice proxy,TCD,Chad,Africa,Middle Africa,if_member,active,partial,https://www.ijf.org/,"Current IF membership/association proxy for practising; partial coverage, not a claim of complete player registrations."
JUDO,柔道 (Judo),3,2024-2025 IJF membership/practice proxy,TGO,Togo,Africa,Western Africa,if_member,active,partial,https://www.ijf.org/,"Current IF membership/association proxy for practising; partial coverage, not a claim of complete player registrations."
JUDO,柔道 (Judo),3,2024-2025 IJF membership/practice proxy,THA,Thailand,Asia,South-Eastern Asia,if_member,active,partial,https://www.ijf.org/,"Current IF membership/association proxy for practising; partial coverage, not a claim of complete player registrations."
JUDO,柔道 (Judo),3,2024-2025 IJF membership/practice proxy,TJK,Tajikistan,Asia,Central Asia,if_member,active,partial,https://www.ijf.org/,"Current IF membership/association proxy for practising; partial coverage, not a claim of complete player registrations."
JUDO,柔道 (Judo),3,2024-2025 IJF membership/practice proxy,TKM,Turkmenistan,Asia,Central Asia,if_member,active,partial,https://www.ijf.org/,"Current IF membership/association proxy for practising; partial coverage, not a claim of complete player registrations."
JUDO,柔道 (Judo),3,2024-2025 IJF membership/practice proxy,TLS,Timor-Leste,Asia,South-Eastern Asia,if_member,active,partial,https://www.ijf.org/,"Current IF membership/association proxy for practising; partial coverage, not a claim of complete player registrations."
JUDO,柔道 (Judo),3,2024-2025 IJF membership/practice proxy,TON,Tonga,Oceania,Polynesia,if_member,active,partial,https://www.ijf.org/,"Current IF membership/association proxy for practising; partial coverage, not a claim of complete player registrations."
JUDO,柔道 (Judo),3,2024-2025 IJF membership/practice proxy,TTO,Trinidad and Tobago,Americas,Caribbean,if_member,active,partial,https://www.ijf.org/,"Current IF membership/association proxy for practising; partial coverage, not a claim of complete player registrations."
JUDO,柔道 (Judo),3,2024-2025 IJF membership/practice proxy,TUN,Tunisia,Africa,Northern Africa,if_member,active,partial,https://www.ijf.org/,"Current IF membership/association proxy for practising; partial coverage, not a claim of complete player registrations."
JUDO,柔道 (Judo),3,2024-2025 IJF membership/practice proxy,TUR,Türkiye,Asia,Western Asia,if_member,active,partial,https://www.ijf.org/,"Current IF membership/association proxy for practising; partial coverage, not a claim of complete player registrations."
JUDO,柔道 (Judo),3,2024-2025 IJF membership/practice proxy,TWN,Taiwan,Asia,Eastern Asia,if_member,active,partial,https://www.ijf.org/,"Current IF membership/association proxy for practising; partial coverage, not a claim of complete player registrations."
JUDO,柔道 (Judo),3,2024-2025 IJF membership/practice proxy,TZA,Tanzania,Africa,Eastern Africa,if_member,active,partial,https://www.ijf.org/,"Current IF membership/association proxy for practising; partial coverage, not a claim of complete player registrations."
JUDO,柔道 (Judo),3,2024-2025 IJF membership/practice proxy,UGA,Uganda,Africa,Eastern Africa,if_member,active,partial,https://www.ijf.org/,"Current IF membership/association proxy for practising; partial coverage, not a claim of complete player registrations."
JUDO,柔道 (Judo),3,2024-2025 IJF membership/practice proxy,UKR,Ukraine,Europe,Eastern Europe,if_member,active,partial,https://www.ijf.org/,"Current IF membership/association proxy for practising; partial coverage, not a claim of complete player registrations."
JUDO,柔道 (Judo),3,2024-2025 IJF membership/practice proxy,UNK,Kosovo,Europe,Southeast Europe,if_member,active,partial,https://www.ijf.org/,"Current IF membership/association proxy for practising; partial coverage, not a claim of complete player registrations."
JUDO,柔道 (Judo),3,2024-2025 IJF membership/practice proxy,URY,Uruguay,Americas,South America,if_member,active,partial,https://www.ijf.org/,"Current IF membership/association proxy for practising; partial coverage, not a claim of complete player registrations."
JUDO,柔道 (Judo),3,2024-2025 IJF membership/practice proxy,USA,United States,Americas,North America,if_member,active,partial,https://www.ijf.org/,"Current IF membership/association proxy for practising; partial coverage, not a claim of complete player registrations."
JUDO,柔道 (Judo),3,2024-2025 IJF membership/practice proxy,UZB,Uzbekistan,Asia,Central Asia,if_member,active,partial,https://www.ijf.org/,"Current IF membership/association proxy for practising; partial coverage, not a claim of complete player registrations."
JUDO,柔道 (Judo),3,2024-2025 IJF membership/practice proxy,VEN,Venezuela,Americas,South America,if_member,active,partial,https://www.ijf.org/,"Current IF membership/association proxy for practising; partial coverage, not a claim of complete player registrations."
JUDO,柔道 (Judo),3,2024-2025 IJF membership/practice proxy,VIR,United States Virgin Islands,Americas,Caribbean,if_member,active,partial,https://www.ijf.org/,"Current IF membership/association proxy for practising; partial coverage, not a claim of complete player registrations."
JUDO,柔道 (Judo),3,2024-2025 IJF membership/practice proxy,VNM,Vietnam,Asia,South-Eastern Asia,if_member,active,partial,https://www.ijf.org/,"Current IF membership/association proxy for practising; partial coverage, not a claim of complete player registrations."
JUDO,柔道 (Judo),3,2024-2025 IJF membership/practice proxy,VUT,Vanuatu,Oceania,Melanesia,if_member,active,partial,https://www.ijf.org/,"Current IF membership/association proxy for practising; partial coverage, not a claim of complete player registrations."
JUDO,柔道 (Judo),3,2024-2025 IJF membership/practice proxy,WSM,Samoa,Oceania,Polynesia,if_member,active,partial,https://www.ijf.org/,"Current IF membership/association proxy for practising; partial coverage, not a claim of complete player registrations."
JUDO,柔道 (Judo),3,2024-2025 IJF membership/practice proxy,YEM,Yemen,Asia,Western Asia,if_member,active,partial,https://www.ijf.org/,"Current IF membership/association proxy for practising; partial coverage, not a claim of complete player registrations."
JUDO,柔道 (Judo),3,2024-2025 IJF membership/practice proxy,ZAF,South Africa,Africa,Southern Africa,if_member,active,partial,https://www.ijf.org/,"Current IF membership/association proxy for practising; partial coverage, not a claim of complete player registrations."
JUDO,柔道 (Judo),3,2024-2025 IJF membership/practice proxy,ZMB,Zambia,Africa,Eastern Africa,if_member,active,partial,https://www.ijf.org/,"Current IF membership/association proxy for practising; partial coverage, not a claim of complete player registrations."
JUDO,柔道 (Judo),3,2024-2025 IJF membership/practice proxy,ZWE,Zimbabwe,Africa,Eastern Africa,if_member,active,partial,https://www.ijf.org/,"Current IF membership/association proxy for practising; partial coverage, not a claim of complete player registrations."
