sde_id,sde_name,period_order,period_label,country_code,country_name,continent,m49_subregion,unit_type,activity_status,coverage_status,source,notes
SWIMMING,游泳 (Swimming),1,2016 Olympic swimming,ABW,Aruba,Americas,Caribbean,noc,active,partial,https://www.worldaquatics.com/news/fina-announces-complete-swimming-entry-list-rio-2016,Historical official-event participation evidence; lower-bound activity record.
SWIMMING,游泳 (Swimming),1,2016 Olympic swimming,AFG,Afghanistan,Asia,Southern Asia,noc,active,partial,https://www.worldaquatics.com/news/fina-announces-complete-swimming-entry-list-rio-2016,Historical official-event participation evidence; lower-bound activity record.
SWIMMING,游泳 (Swimming),1,2016 Olympic swimming,AGO,Angola,Africa,Middle Africa,noc,active,partial,https://www.worldaquatics.com/news/fina-announces-complete-swimming-entry-list-rio-2016,Historical official-event participation evidence; lower-bound activity record.
SWIMMING,游泳 (Swimming),1,2016 Olympic swimming,ALB,Albania,Europe,Southeast Europe,noc,active,partial,https://www.worldaquatics.com/news/fina-announces-complete-swimming-entry-list-rio-2016,Historical official-event participation evidence; lower-bound activity record.
SWIMMING,游泳 (Swimming),1,2016 Olympic swimming,ARE,United Arab Emirates,Asia,Western Asia,noc,active,partial,https://www.worldaquatics.com/news/fina-announces-complete-swimming-entry-list-rio-2016,Historical official-event participation evidence; lower-bound activity record.
SWIMMING,游泳 (Swimming),1,2016 Olympic swimming,ARG,Argentina,Americas,South America,noc,active,partial,https://www.worldaquatics.com/news/fina-announces-complete-swimming-entry-list-rio-2016,Historical official-event participation evidence; lower-bound activity record.
SWIMMING,游泳 (Swimming),1,2016 Olympic swimming,ARM,Armenia,Asia,Western Asia,noc,active,partial,https://www.worldaquatics.com/news/fina-announces-complete-swimming-entry-list-rio-2016,Historical official-event participation evidence; lower-bound activity record.
SWIMMING,游泳 (Swimming),1,2016 Olympic swimming,ASM,American Samoa,Oceania,Polynesia,noc,active,partial,https://www.worldaquatics.com/news/fina-announces-complete-swimming-entry-list-rio-2016,Historical official-event participation evidence; lower-bound activity record.
SWIMMING,游泳 (Swimming),1,2016 Olympic swimming,ATG,Antigua and Barbuda,Americas,Caribbean,noc,active,partial,https://www.worldaquatics.com/news/fina-announces-complete-swimming-entry-list-rio-2016,Historical official-event participation evidence; lower-bound activity record.
SWIMMING,游泳 (Swimming),1,2016 Olympic swimming,AUS,Australia,Oceania,Australia and New Zealand,noc,active,partial,https://www.worldaquatics.com/news/fina-announces-complete-swimming-entry-list-rio-2016,Historical official-event participation evidence; lower-bound activity record.
SWIMMING,游泳 (Swimming),1,2016 Olympic swimming,AUT,Austria,Europe,Central Europe,noc,active,partial,https://www.worldaquatics.com/news/fina-announces-complete-swimming-entry-list-rio-2016,Historical official-event participation evidence; lower-bound activity record.
SWIMMING,游泳 (Swimming),1,2016 Olympic swimming,AZE,Azerbaijan,Asia,Western Asia,noc,active,partial,https://www.worldaquatics.com/news/fina-announces-complete-swimming-entry-list-rio-2016,Historical official-event participation evidence; lower-bound activity record.
SWIMMING,游泳 (Swimming),1,2016 Olympic swimming,BDI,Burundi,Africa,Eastern Africa,noc,active,partial,https://www.worldaquatics.com/news/fina-announces-complete-swimming-entry-list-rio-2016,Historical official-event participation evidence; lower-bound activity record.
SWIMMING,游泳 (Swimming),1,2016 Olympic swimming,BEL,Belgium,Europe,Western Europe,noc,active,partial,https://www.worldaquatics.com/news/fina-announces-complete-swimming-entry-list-rio-2016,Historical official-event participation evidence; lower-bound activity record.
SWIMMING,游泳 (Swimming),1,2016 Olympic swimming,BEN,Benin,Africa,Western Africa,noc,active,partial,https://www.worldaquatics.com/news/fina-announces-complete-swimming-entry-list-rio-2016,Historical official-event participation evidence; lower-bound activity record.
SWIMMING,游泳 (Swimming),1,2016 Olympic swimming,BFA,Burkina Faso,Africa,Western Africa,noc,active,partial,https://www.worldaquatics.com/news/fina-announces-complete-swimming-entry-list-rio-2016,Historical official-event participation evidence; lower-bound activity record.
SWIMMING,游泳 (Swimming),1,2016 Olympic swimming,BGD,Bangladesh,Asia,Southern Asia,noc,active,partial,https://www.worldaquatics.com/news/fina-announces-complete-swimming-entry-list-rio-2016,Historical official-event participation evidence; lower-bound activity record.
SWIMMING,游泳 (Swimming),1,2016 Olympic swimming,BGR,Bulgaria,Europe,Southeast Europe,noc,active,partial,https://www.worldaquatics.com/news/fina-announces-complete-swimming-entry-list-rio-2016,Historical official-event participation evidence; lower-bound activity record.
SWIMMING,游泳 (Swimming),1,2016 Olympic swimming,BHR,Bahrain,Asia,Western Asia,noc,active,partial,https://www.worldaquatics.com/news/fina-announces-complete-swimming-entry-list-rio-2016,Historical official-event participation evidence; lower-bound activity record.
SWIMMING,游泳 (Swimming),1,2016 Olympic swimming,BHS,Bahamas,Americas,Caribbean,noc,active,partial,https://www.worldaquatics.com/news/fina-announces-complete-swimming-entry-list-rio-2016,Historical official-event participation evidence; lower-bound activity record.
SWIMMING,游泳 (Swimming),1,2016 Olympic swimming,BIH,Bosnia and Herzegovina,Europe,Southeast Europe,noc,active,partial,https://www.worldaquatics.com/news/fina-announces-complete-swimming-entry-list-rio-2016,Historical official-event participation evidence; lower-bound activity record.
SWIMMING,游泳 (Swimming),1,2016 Olympic swimming,BMU,Bermuda,Americas,North America,noc,active,partial,https://www.worldaquatics.com/news/fina-announces-complete-swimming-entry-list-rio-2016,Historical official-event participation evidence; lower-bound activity record.
SWIMMING,游泳 (Swimming),1,2016 Olympic swimming,BOL,Bolivia,Americas,South America,noc,active,partial,https://www.worldaquatics.com/news/fina-announces-complete-swimming-entry-list-rio-2016,Historical official-event participation evidence; lower-bound activity record.
SWIMMING,游泳 (Swimming),1,2016 Olympic swimming,BRA,Brazil,Americas,South America,noc,active,partial,https://www.worldaquatics.com/news/fina-announces-complete-swimming-entry-list-rio-2016,Historical official-event participation evidence; lower-bound activity record.
SWIMMING,游泳 (Swimming),1,2016 Olympic swimming,BRB,Barbados,Americas,Caribbean,noc,active,partial,https://www.worldaquatics.com/news/fina-announces-complete-swimming-entry-list-rio-2016,Historical official-event participation evidence; lower-bound activity record.
SWIMMING,游泳 (Swimming),1,2016 Olympic swimming,BRN,Brunei,Asia,South-Eastern Asia,noc,active,partial,https://www.worldaquatics.com/news/fina-announces-complete-swimming-entry-list-rio-2016,Historical official-event participation evidence; lower-bound activity record.
SWIMMING,游泳 (Swimming),1,2016 Olympic swimming,BTN,Bhutan,Asia,Southern Asia,noc,active,partial,https://www.worldaquatics.com/news/fina-announces-complete-swimming-entry-list-rio-2016,Historical official-event participation evidence; lower-bound activity record.
SWIMMING,游泳 (Swimming),1,2016 Olympic swimming,BWA,Botswana,Africa,Southern Africa,noc,active,partial,https://www.worldaquatics.com/news/fina-announces-complete-swimming-entry-list-rio-2016,Historical official-event participation evidence; lower-bound activity record.
SWIMMING,游泳 (Swimming),1,2016 Olympic swimming,CAF,Central African Republic,Africa,Middle Africa,noc,active,partial,https://www.worldaquatics.com/news/fina-announces-complete-swimming-entry-list-rio-2016,Historical official-event participation evidence; lower-bound activity record.
SWIMMING,游泳 (Swimming),1,2016 Olympic swimming,CAN,Canada,Americas,North America,noc,active,partial,https://www.worldaquatics.com/news/fina-announces-complete-swimming-entry-list-rio-2016,Historical official-event participation evidence; lower-bound activity record.
SWIMMING,游泳 (Swimming),1,2016 Olympic swimming,CHE,Switzerland,Europe,Western Europe,noc,active,partial,https://www.worldaquatics.com/news/fina-announces-complete-swimming-entry-list-rio-2016,Historical official-event participation evidence; lower-bound activity record.
SWIMMING,游泳 (Swimming),1,2016 Olympic swimming,CHL,Chile,Americas,South America,noc,active,partial,https://www.worldaquatics.com/news/fina-announces-complete-swimming-entry-list-rio-2016,Historical official-event participation evidence; lower-bound activity record.
SWIMMING,游泳 (Swimming),1,2016 Olympic swimming,CHN,China,Asia,Eastern Asia,noc,active,partial,https://www.worldaquatics.com/news/fina-announces-complete-swimming-entry-list-rio-2016,Historical official-event participation evidence; lower-bound activity record.
SWIMMING,游泳 (Swimming),1,2016 Olympic swimming,CMR,Cameroon,Africa,Middle Africa,noc,active,partial,https://www.worldaquatics.com/news/fina-announces-complete-swimming-entry-list-rio-2016,Historical official-event participation evidence; lower-bound activity record.
SWIMMING,游泳 (Swimming),1,2016 Olympic swimming,COD,DR Congo,Africa,Middle Africa,noc,active,partial,https://www.worldaquatics.com/news/fina-announces-complete-swimming-entry-list-rio-2016,Historical official-event participation evidence; lower-bound activity record.
SWIMMING,游泳 (Swimming),1,2016 Olympic swimming,COG,Congo,Africa,Middle Africa,noc,active,partial,https://www.worldaquatics.com/news/fina-announces-complete-swimming-entry-list-rio-2016,Historical official-event participation evidence; lower-bound activity record.
SWIMMING,游泳 (Swimming),1,2016 Olympic swimming,COK,Cook Islands,Oceania,Polynesia,noc,active,partial,https://www.worldaquatics.com/news/fina-announces-complete-swimming-entry-list-rio-2016,Historical official-event participation evidence; lower-bound activity record.
SWIMMING,游泳 (Swimming),1,2016 Olympic swimming,COL,Colombia,Americas,South America,noc,active,partial,https://www.worldaquatics.com/news/fina-announces-complete-swimming-entry-list-rio-2016,Historical official-event participation evidence; lower-bound activity record.
SWIMMING,游泳 (Swimming),1,2016 Olympic swimming,COM,Comoros,Africa,Eastern Africa,noc,active,partial,https://www.worldaquatics.com/news/fina-announces-complete-swimming-entry-list-rio-2016,Historical official-event participation evidence; lower-bound activity record.
SWIMMING,游泳 (Swimming),1,2016 Olympic swimming,CPV,Cape Verde,Africa,Western Africa,noc,active,partial,https://www.worldaquatics.com/news/fina-announces-complete-swimming-entry-list-rio-2016,Historical official-event participation evidence; lower-bound activity record.
SWIMMING,游泳 (Swimming),1,2016 Olympic swimming,CRI,Costa Rica,Americas,Central America,noc,active,partial,https://www.worldaquatics.com/news/fina-announces-complete-swimming-entry-list-rio-2016,Historical official-event participation evidence; lower-bound activity record.
SWIMMING,游泳 (Swimming),1,2016 Olympic swimming,CUB,Cuba,Americas,Caribbean,noc,active,partial,https://www.worldaquatics.com/news/fina-announces-complete-swimming-entry-list-rio-2016,Historical official-event participation evidence; lower-bound activity record.
SWIMMING,游泳 (Swimming),1,2016 Olympic swimming,CYM,Cayman Islands,Americas,Caribbean,noc,active,partial,https://www.worldaquatics.com/news/fina-announces-complete-swimming-entry-list-rio-2016,Historical official-event participation evidence; lower-bound activity record.
SWIMMING,游泳 (Swimming),1,2016 Olympic swimming,CYP,Cyprus,Europe,Southern Europe,noc,active,partial,https://www.worldaquatics.com/news/fina-announces-complete-swimming-entry-list-rio-2016,Historical official-event participation evidence; lower-bound activity record.
SWIMMING,游泳 (Swimming),1,2016 Olympic swimming,CZE,Czechia,Europe,Central Europe,noc,active,partial,https://www.worldaquatics.com/news/fina-announces-complete-swimming-entry-list-rio-2016,Historical official-event participation evidence; lower-bound activity record.
SWIMMING,游泳 (Swimming),1,2016 Olympic swimming,DEU,Germany,Europe,Western Europe,noc,active,partial,https://www.worldaquatics.com/news/fina-announces-complete-swimming-entry-list-rio-2016,Historical official-event participation evidence; lower-bound activity record.
SWIMMING,游泳 (Swimming),1,2016 Olympic swimming,DJI,Djibouti,Africa,Eastern Africa,noc,active,partial,https://www.worldaquatics.com/news/fina-announces-complete-swimming-entry-list-rio-2016,Historical official-event participation evidence; lower-bound activity record.
SWIMMING,游泳 (Swimming),1,2016 Olympic swimming,DMA,Dominica,Americas,Caribbean,noc,active,partial,https://www.worldaquatics.com/news/fina-announces-complete-swimming-entry-list-rio-2016,Historical official-event participation evidence; lower-bound activity record.
SWIMMING,游泳 (Swimming),1,2016 Olympic swimming,DNK,Denmark,Europe,Northern Europe,noc,active,partial,https://www.worldaquatics.com/news/fina-announces-complete-swimming-entry-list-rio-2016,Historical official-event participation evidence; lower-bound activity record.
SWIMMING,游泳 (Swimming),1,2016 Olympic swimming,DOM,Dominican Republic,Americas,Caribbean,noc,active,partial,https://www.worldaquatics.com/news/fina-announces-complete-swimming-entry-list-rio-2016,Historical official-event participation evidence; lower-bound activity record.
SWIMMING,游泳 (Swimming),1,2016 Olympic swimming,DZA,Algeria,Africa,Northern Africa,noc,active,partial,https://www.worldaquatics.com/news/fina-announces-complete-swimming-entry-list-rio-2016,Historical official-event participation evidence; lower-bound activity record.
SWIMMING,游泳 (Swimming),1,2016 Olympic swimming,ECU,Ecuador,Americas,South America,noc,active,partial,https://www.worldaquatics.com/news/fina-announces-complete-swimming-entry-list-rio-2016,Historical official-event participation evidence; lower-bound activity record.
SWIMMING,游泳 (Swimming),1,2016 Olympic swimming,EGY,Egypt,Africa,Northern Africa,noc,active,partial,https://www.worldaquatics.com/news/fina-announces-complete-swimming-entry-list-rio-2016,Historical official-event participation evidence; lower-bound activity record.
SWIMMING,游泳 (Swimming),1,2016 Olympic swimming,ERI,Eritrea,Africa,Eastern Africa,noc,active,partial,https://www.worldaquatics.com/news/fina-announces-complete-swimming-entry-list-rio-2016,Historical official-event participation evidence; lower-bound activity record.
SWIMMING,游泳 (Swimming),1,2016 Olympic swimming,ESP,Spain,Europe,Southern Europe,noc,active,partial,https://www.worldaquatics.com/news/fina-announces-complete-swimming-entry-list-rio-2016,Historical official-event participation evidence; lower-bound activity record.
SWIMMING,游泳 (Swimming),1,2016 Olympic swimming,EST,Estonia,Europe,Northern Europe,noc,active,partial,https://www.worldaquatics.com/news/fina-announces-complete-swimming-entry-list-rio-2016,Historical official-event participation evidence; lower-bound activity record.
SWIMMING,游泳 (Swimming),1,2016 Olympic swimming,ETH,Ethiopia,Africa,Eastern Africa,noc,active,partial,https://www.worldaquatics.com/news/fina-announces-complete-swimming-entry-list-rio-2016,Historical official-event participation evidence; lower-bound activity record.
SWIMMING,游泳 (Swimming),1,2016 Olympic swimming,FIN,Finland,Europe,Northern Europe,noc,active,partial,https://www.worldaquatics.com/news/fina-announces-complete-swimming-entry-list-rio-2016,Historical official-event participation evidence; lower-bound activity record.
SWIMMING,游泳 (Swimming),1,2016 Olympic swimming,FJI,Fiji,Oceania,Melanesia,noc,active,partial,https://www.worldaquatics.com/news/fina-announces-complete-swimming-entry-list-rio-2016,Historical official-event participation evidence; lower-bound activity record.
SWIMMING,游泳 (Swimming),1,2016 Olympic swimming,FRA,France,Europe,Western Europe,noc,active,partial,https://www.worldaquatics.com/news/fina-announces-complete-swimming-entry-list-rio-2016,Historical official-event participation evidence; lower-bound activity record.
SWIMMING,游泳 (Swimming),1,2016 Olympic swimming,FSM,Micronesia,Oceania,Micronesia,noc,active,partial,https://www.worldaquatics.com/news/fina-announces-complete-swimming-entry-list-rio-2016,Historical official-event participation evidence; lower-bound activity record.
SWIMMING,游泳 (Swimming),1,2016 Olympic swimming,GAB,Gabon,Africa,Middle Africa,noc,active,partial,https://www.worldaquatics.com/news/fina-announces-complete-swimming-entry-list-rio-2016,Historical official-event participation evidence; lower-bound activity record.
SWIMMING,游泳 (Swimming),1,2016 Olympic swimming,GBR,United Kingdom,Europe,Northern Europe,noc,active,partial,https://www.worldaquatics.com/news/fina-announces-complete-swimming-entry-list-rio-2016,Historical official-event participation evidence; lower-bound activity record.
SWIMMING,游泳 (Swimming),1,2016 Olympic swimming,GEO,Georgia,Asia,Western Asia,noc,active,partial,https://www.worldaquatics.com/news/fina-announces-complete-swimming-entry-list-rio-2016,Historical official-event participation evidence; lower-bound activity record.
SWIMMING,游泳 (Swimming),1,2016 Olympic swimming,GHA,Ghana,Africa,Western Africa,noc,active,partial,https://www.worldaquatics.com/news/fina-announces-complete-swimming-entry-list-rio-2016,Historical official-event participation evidence; lower-bound activity record.
SWIMMING,游泳 (Swimming),1,2016 Olympic swimming,GIN,Guinea,Africa,Western Africa,noc,active,partial,https://www.worldaquatics.com/news/fina-announces-complete-swimming-entry-list-rio-2016,Historical official-event participation evidence; lower-bound activity record.
SWIMMING,游泳 (Swimming),1,2016 Olympic swimming,GMB,Gambia,Africa,Western Africa,noc,active,partial,https://www.worldaquatics.com/news/fina-announces-complete-swimming-entry-list-rio-2016,Historical official-event participation evidence; lower-bound activity record.
SWIMMING,游泳 (Swimming),1,2016 Olympic swimming,GNB,Guinea-Bissau,Africa,Western Africa,noc,active,partial,https://www.worldaquatics.com/news/fina-announces-complete-swimming-entry-list-rio-2016,Historical official-event participation evidence; lower-bound activity record.
SWIMMING,游泳 (Swimming),1,2016 Olympic swimming,GNQ,Equatorial Guinea,Africa,Middle Africa,noc,active,partial,https://www.worldaquatics.com/news/fina-announces-complete-swimming-entry-list-rio-2016,Historical official-event participation evidence; lower-bound activity record.
SWIMMING,游泳 (Swimming),1,2016 Olympic swimming,GRC,Greece,Europe,Southern Europe,noc,active,partial,https://www.worldaquatics.com/news/fina-announces-complete-swimming-entry-list-rio-2016,Historical official-event participation evidence; lower-bound activity record.
SWIMMING,游泳 (Swimming),1,2016 Olympic swimming,GRD,Grenada,Americas,Caribbean,noc,active,partial,https://www.worldaquatics.com/news/fina-announces-complete-swimming-entry-list-rio-2016,Historical official-event participation evidence; lower-bound activity record.
SWIMMING,游泳 (Swimming),1,2016 Olympic swimming,GTM,Guatemala,Americas,Central America,noc,active,partial,https://www.worldaquatics.com/news/fina-announces-complete-swimming-entry-list-rio-2016,Historical official-event participation evidence; lower-bound activity record.
SWIMMING,游泳 (Swimming),1,2016 Olympic swimming,GUY,Guyana,Americas,South America,noc,active,partial,https://www.worldaquatics.com/news/fina-announces-complete-swimming-entry-list-rio-2016,Historical official-event participation evidence; lower-bound activity record.
SWIMMING,游泳 (Swimming),1,2016 Olympic swimming,HKG,Hong Kong,Asia,Eastern Asia,noc,active,partial,https://www.worldaquatics.com/news/fina-announces-complete-swimming-entry-list-rio-2016,Historical official-event participation evidence; lower-bound activity record.
SWIMMING,游泳 (Swimming),1,2016 Olympic swimming,HND,Honduras,Americas,Central America,noc,active,partial,https://www.worldaquatics.com/news/fina-announces-complete-swimming-entry-list-rio-2016,Historical official-event participation evidence; lower-bound activity record.
SWIMMING,游泳 (Swimming),1,2016 Olympic swimming,HRV,Croatia,Europe,Southeast Europe,noc,active,partial,https://www.worldaquatics.com/news/fina-announces-complete-swimming-entry-list-rio-2016,Historical official-event participation evidence; lower-bound activity record.
SWIMMING,游泳 (Swimming),1,2016 Olympic swimming,HTI,Haiti,Americas,Caribbean,noc,active,partial,https://www.worldaquatics.com/news/fina-announces-complete-swimming-entry-list-rio-2016,Historical official-event participation evidence; lower-bound activity record.
SWIMMING,游泳 (Swimming),1,2016 Olympic swimming,HUN,Hungary,Europe,Central Europe,noc,active,partial,https://www.worldaquatics.com/news/fina-announces-complete-swimming-entry-list-rio-2016,Historical official-event participation evidence; lower-bound activity record.
SWIMMING,游泳 (Swimming),1,2016 Olympic swimming,IDN,Indonesia,Asia,South-Eastern Asia,noc,active,partial,https://www.worldaquatics.com/news/fina-announces-complete-swimming-entry-list-rio-2016,Historical official-event participation evidence; lower-bound activity record.
SWIMMING,游泳 (Swimming),1,2016 Olympic swimming,IND,India,Asia,Southern Asia,noc,active,partial,https://www.worldaquatics.com/news/fina-announces-complete-swimming-entry-list-rio-2016,Historical official-event participation evidence; lower-bound activity record.
SWIMMING,游泳 (Swimming),1,2016 Olympic swimming,IRL,Ireland,Europe,Northern Europe,noc,active,partial,https://www.worldaquatics.com/news/fina-announces-complete-swimming-entry-list-rio-2016,Historical official-event participation evidence; lower-bound activity record.
SWIMMING,游泳 (Swimming),1,2016 Olympic swimming,IRN,Iran,Asia,Southern Asia,noc,active,partial,https://www.worldaquatics.com/news/fina-announces-complete-swimming-entry-list-rio-2016,Historical official-event participation evidence; lower-bound activity record.
SWIMMING,游泳 (Swimming),1,2016 Olympic swimming,IRQ,Iraq,Asia,Western Asia,noc,active,partial,https://www.worldaquatics.com/news/fina-announces-complete-swimming-entry-list-rio-2016,Historical official-event participation evidence; lower-bound activity record.
SWIMMING,游泳 (Swimming),1,2016 Olympic swimming,ISL,Iceland,Europe,Northern Europe,noc,active,partial,https://www.worldaquatics.com/news/fina-announces-complete-swimming-entry-list-rio-2016,Historical official-event participation evidence; lower-bound activity record.
SWIMMING,游泳 (Swimming),1,2016 Olympic swimming,ISR,Israel,Asia,Western Asia,noc,active,partial,https://www.worldaquatics.com/news/fina-announces-complete-swimming-entry-list-rio-2016,Historical official-event participation evidence; lower-bound activity record.
SWIMMING,游泳 (Swimming),1,2016 Olympic swimming,ITA,Italy,Europe,Southern Europe,noc,active,partial,https://www.worldaquatics.com/news/fina-announces-complete-swimming-entry-list-rio-2016,Historical official-event participation evidence; lower-bound activity record.
SWIMMING,游泳 (Swimming),1,2016 Olympic swimming,JAM,Jamaica,Americas,Caribbean,noc,active,partial,https://www.worldaquatics.com/news/fina-announces-complete-swimming-entry-list-rio-2016,Historical official-event participation evidence; lower-bound activity record.
SWIMMING,游泳 (Swimming),1,2016 Olympic swimming,JOR,Jordan,Asia,Western Asia,noc,active,partial,https://www.worldaquatics.com/news/fina-announces-complete-swimming-entry-list-rio-2016,Historical official-event participation evidence; lower-bound activity record.
SWIMMING,游泳 (Swimming),1,2016 Olympic swimming,JPN,Japan,Asia,Eastern Asia,noc,active,partial,https://www.worldaquatics.com/news/fina-announces-complete-swimming-entry-list-rio-2016,Historical official-event participation evidence; lower-bound activity record.
SWIMMING,游泳 (Swimming),1,2016 Olympic swimming,KAZ,Kazakhstan,Asia,Central Asia,noc,active,partial,https://www.worldaquatics.com/news/fina-announces-complete-swimming-entry-list-rio-2016,Historical official-event participation evidence; lower-bound activity record.
SWIMMING,游泳 (Swimming),1,2016 Olympic swimming,KEN,Kenya,Africa,Eastern Africa,noc,active,partial,https://www.worldaquatics.com/news/fina-announces-complete-swimming-entry-list-rio-2016,Historical official-event participation evidence; lower-bound activity record.
SWIMMING,游泳 (Swimming),1,2016 Olympic swimming,KGZ,Kyrgyzstan,Asia,Central Asia,noc,active,partial,https://www.worldaquatics.com/news/fina-announces-complete-swimming-entry-list-rio-2016,Historical official-event participation evidence; lower-bound activity record.
SWIMMING,游泳 (Swimming),1,2016 Olympic swimming,KHM,Cambodia,Asia,South-Eastern Asia,noc,active,partial,https://www.worldaquatics.com/news/fina-announces-complete-swimming-entry-list-rio-2016,Historical official-event participation evidence; lower-bound activity record.
SWIMMING,游泳 (Swimming),1,2016 Olympic swimming,KNA,Saint Kitts and Nevis,Americas,Caribbean,noc,active,partial,https://www.worldaquatics.com/news/fina-announces-complete-swimming-entry-list-rio-2016,Historical official-event participation evidence; lower-bound activity record.
SWIMMING,游泳 (Swimming),1,2016 Olympic swimming,KOR,South Korea,Asia,Eastern Asia,noc,active,partial,https://www.worldaquatics.com/news/fina-announces-complete-swimming-entry-list-rio-2016,Historical official-event participation evidence; lower-bound activity record.
SWIMMING,游泳 (Swimming),1,2016 Olympic swimming,KWT,Kuwait,Asia,Western Asia,noc,active,partial,https://www.worldaquatics.com/news/fina-announces-complete-swimming-entry-list-rio-2016,Historical official-event participation evidence; lower-bound activity record.
SWIMMING,游泳 (Swimming),1,2016 Olympic swimming,LAO,Laos,Asia,South-Eastern Asia,noc,active,partial,https://www.worldaquatics.com/news/fina-announces-complete-swimming-entry-list-rio-2016,Historical official-event participation evidence; lower-bound activity record.
SWIMMING,游泳 (Swimming),1,2016 Olympic swimming,LBN,Lebanon,Asia,Western Asia,noc,active,partial,https://www.worldaquatics.com/news/fina-announces-complete-swimming-entry-list-rio-2016,Historical official-event participation evidence; lower-bound activity record.
SWIMMING,游泳 (Swimming),1,2016 Olympic swimming,LBY,Libya,Africa,Northern Africa,noc,active,partial,https://www.worldaquatics.com/news/fina-announces-complete-swimming-entry-list-rio-2016,Historical official-event participation evidence; lower-bound activity record.
SWIMMING,游泳 (Swimming),1,2016 Olympic swimming,LCA,Saint Lucia,Americas,Caribbean,noc,active,partial,https://www.worldaquatics.com/news/fina-announces-complete-swimming-entry-list-rio-2016,Historical official-event participation evidence; lower-bound activity record.
SWIMMING,游泳 (Swimming),1,2016 Olympic swimming,LKA,Sri Lanka,Asia,Southern Asia,noc,active,partial,https://www.worldaquatics.com/news/fina-announces-complete-swimming-entry-list-rio-2016,Historical official-event participation evidence; lower-bound activity record.
SWIMMING,游泳 (Swimming),1,2016 Olympic swimming,LTU,Lithuania,Europe,Northern Europe,noc,active,partial,https://www.worldaquatics.com/news/fina-announces-complete-swimming-entry-list-rio-2016,Historical official-event participation evidence; lower-bound activity record.
SWIMMING,游泳 (Swimming),1,2016 Olympic swimming,LUX,Luxembourg,Europe,Western Europe,noc,active,partial,https://www.worldaquatics.com/news/fina-announces-complete-swimming-entry-list-rio-2016,Historical official-event participation evidence; lower-bound activity record.
SWIMMING,游泳 (Swimming),1,2016 Olympic swimming,LVA,Latvia,Europe,Northern Europe,noc,active,partial,https://www.worldaquatics.com/news/fina-announces-complete-swimming-entry-list-rio-2016,Historical official-event participation evidence; lower-bound activity record.
SWIMMING,游泳 (Swimming),1,2016 Olympic swimming,MAR,Morocco,Africa,Northern Africa,noc,active,partial,https://www.worldaquatics.com/news/fina-announces-complete-swimming-entry-list-rio-2016,Historical official-event participation evidence; lower-bound activity record.
SWIMMING,游泳 (Swimming),1,2016 Olympic swimming,MCO,Monaco,Europe,Western Europe,noc,active,partial,https://www.worldaquatics.com/news/fina-announces-complete-swimming-entry-list-rio-2016,Historical official-event participation evidence; lower-bound activity record.
SWIMMING,游泳 (Swimming),1,2016 Olympic swimming,MDA,Moldova,Europe,Eastern Europe,noc,active,partial,https://www.worldaquatics.com/news/fina-announces-complete-swimming-entry-list-rio-2016,Historical official-event participation evidence; lower-bound activity record.
SWIMMING,游泳 (Swimming),1,2016 Olympic swimming,MDG,Madagascar,Africa,Eastern Africa,noc,active,partial,https://www.worldaquatics.com/news/fina-announces-complete-swimming-entry-list-rio-2016,Historical official-event participation evidence; lower-bound activity record.
SWIMMING,游泳 (Swimming),1,2016 Olympic swimming,MDV,Maldives,Asia,Southern Asia,noc,active,partial,https://www.worldaquatics.com/news/fina-announces-complete-swimming-entry-list-rio-2016,Historical official-event participation evidence; lower-bound activity record.
SWIMMING,游泳 (Swimming),1,2016 Olympic swimming,MEX,Mexico,Americas,North America,noc,active,partial,https://www.worldaquatics.com/news/fina-announces-complete-swimming-entry-list-rio-2016,Historical official-event participation evidence; lower-bound activity record.
SWIMMING,游泳 (Swimming),1,2016 Olympic swimming,MHL,Marshall Islands,Oceania,Micronesia,noc,active,partial,https://www.worldaquatics.com/news/fina-announces-complete-swimming-entry-list-rio-2016,Historical official-event participation evidence; lower-bound activity record.
SWIMMING,游泳 (Swimming),1,2016 Olympic swimming,MKD,North Macedonia,Europe,Southeast Europe,noc,active,partial,https://www.worldaquatics.com/news/fina-announces-complete-swimming-entry-list-rio-2016,Historical official-event participation evidence; lower-bound activity record.
SWIMMING,游泳 (Swimming),1,2016 Olympic swimming,MLI,Mali,Africa,Western Africa,noc,active,partial,https://www.worldaquatics.com/news/fina-announces-complete-swimming-entry-list-rio-2016,Historical official-event participation evidence; lower-bound activity record.
SWIMMING,游泳 (Swimming),1,2016 Olympic swimming,MLT,Malta,Europe,Southern Europe,noc,active,partial,https://www.worldaquatics.com/news/fina-announces-complete-swimming-entry-list-rio-2016,Historical official-event participation evidence; lower-bound activity record.
SWIMMING,游泳 (Swimming),1,2016 Olympic swimming,MMR,Myanmar,Asia,South-Eastern Asia,noc,active,partial,https://www.worldaquatics.com/news/fina-announces-complete-swimming-entry-list-rio-2016,Historical official-event participation evidence; lower-bound activity record.
SWIMMING,游泳 (Swimming),1,2016 Olympic swimming,MNE,Montenegro,Europe,Southeast Europe,noc,active,partial,https://www.worldaquatics.com/news/fina-announces-complete-swimming-entry-list-rio-2016,Historical official-event participation evidence; lower-bound activity record.
SWIMMING,游泳 (Swimming),1,2016 Olympic swimming,MNG,Mongolia,Asia,Eastern Asia,noc,active,partial,https://www.worldaquatics.com/news/fina-announces-complete-swimming-entry-list-rio-2016,Historical official-event participation evidence; lower-bound activity record.
SWIMMING,游泳 (Swimming),1,2016 Olympic swimming,MOZ,Mozambique,Africa,Eastern Africa,noc,active,partial,https://www.worldaquatics.com/news/fina-announces-complete-swimming-entry-list-rio-2016,Historical official-event participation evidence; lower-bound activity record.
SWIMMING,游泳 (Swimming),1,2016 Olympic swimming,MRT,Mauritania,Africa,Western Africa,noc,active,partial,https://www.worldaquatics.com/news/fina-announces-complete-swimming-entry-list-rio-2016,Historical official-event participation evidence; lower-bound activity record.
SWIMMING,游泳 (Swimming),1,2016 Olympic swimming,MUS,Mauritius,Africa,Eastern Africa,noc,active,partial,https://www.worldaquatics.com/news/fina-announces-complete-swimming-entry-list-rio-2016,Historical official-event participation evidence; lower-bound activity record.
SWIMMING,游泳 (Swimming),1,2016 Olympic swimming,MWI,Malawi,Africa,Eastern Africa,noc,active,partial,https://www.worldaquatics.com/news/fina-announces-complete-swimming-entry-list-rio-2016,Historical official-event participation evidence; lower-bound activity record.
SWIMMING,游泳 (Swimming),1,2016 Olympic swimming,MYS,Malaysia,Asia,South-Eastern Asia,noc,active,partial,https://www.worldaquatics.com/news/fina-announces-complete-swimming-entry-list-rio-2016,Historical official-event participation evidence; lower-bound activity record.
SWIMMING,游泳 (Swimming),1,2016 Olympic swimming,NER,Niger,Africa,Western Africa,noc,active,partial,https://www.worldaquatics.com/news/fina-announces-complete-swimming-entry-list-rio-2016,Historical official-event participation evidence; lower-bound activity record.
SWIMMING,游泳 (Swimming),1,2016 Olympic swimming,NGA,Nigeria,Africa,Western Africa,noc,active,partial,https://www.worldaquatics.com/news/fina-announces-complete-swimming-entry-list-rio-2016,Historical official-event participation evidence; lower-bound activity record.
SWIMMING,游泳 (Swimming),1,2016 Olympic swimming,NIC,Nicaragua,Americas,Central America,noc,active,partial,https://www.worldaquatics.com/news/fina-announces-complete-swimming-entry-list-rio-2016,Historical official-event participation evidence; lower-bound activity record.
SWIMMING,游泳 (Swimming),1,2016 Olympic swimming,NLD,Netherlands,Europe,Western Europe,noc,active,partial,https://www.worldaquatics.com/news/fina-announces-complete-swimming-entry-list-rio-2016,Historical official-event participation evidence; lower-bound activity record.
SWIMMING,游泳 (Swimming),1,2016 Olympic swimming,NOR,Norway,Europe,Northern Europe,noc,active,partial,https://www.worldaquatics.com/news/fina-announces-complete-swimming-entry-list-rio-2016,Historical official-event participation evidence; lower-bound activity record.
SWIMMING,游泳 (Swimming),1,2016 Olympic swimming,NPL,Nepal,Asia,Southern Asia,noc,active,partial,https://www.worldaquatics.com/news/fina-announces-complete-swimming-entry-list-rio-2016,Historical official-event participation evidence; lower-bound activity record.
SWIMMING,游泳 (Swimming),1,2016 Olympic swimming,NZL,New Zealand,Oceania,Australia and New Zealand,noc,active,partial,https://www.worldaquatics.com/news/fina-announces-complete-swimming-entry-list-rio-2016,Historical official-event participation evidence; lower-bound activity record.
SWIMMING,游泳 (Swimming),1,2016 Olympic swimming,OMN,Oman,Asia,Western Asia,noc,active,partial,https://www.worldaquatics.com/news/fina-announces-complete-swimming-entry-list-rio-2016,Historical official-event participation evidence; lower-bound activity record.
SWIMMING,游泳 (Swimming),1,2016 Olympic swimming,PAK,Pakistan,Asia,Southern Asia,noc,active,partial,https://www.worldaquatics.com/news/fina-announces-complete-swimming-entry-list-rio-2016,Historical official-event participation evidence; lower-bound activity record.
SWIMMING,游泳 (Swimming),1,2016 Olympic swimming,PAN,Panama,Americas,Central America,noc,active,partial,https://www.worldaquatics.com/news/fina-announces-complete-swimming-entry-list-rio-2016,Historical official-event participation evidence; lower-bound activity record.
SWIMMING,游泳 (Swimming),1,2016 Olympic swimming,PER,Peru,Americas,South America,noc,active,partial,https://www.worldaquatics.com/news/fina-announces-complete-swimming-entry-list-rio-2016,Historical official-event participation evidence; lower-bound activity record.
SWIMMING,游泳 (Swimming),1,2016 Olympic swimming,PHL,Philippines,Asia,South-Eastern Asia,noc,active,partial,https://www.worldaquatics.com/news/fina-announces-complete-swimming-entry-list-rio-2016,Historical official-event participation evidence; lower-bound activity record.
SWIMMING,游泳 (Swimming),1,2016 Olympic swimming,PLW,Palau,Oceania,Micronesia,noc,active,partial,https://www.worldaquatics.com/news/fina-announces-complete-swimming-entry-list-rio-2016,Historical official-event participation evidence; lower-bound activity record.
SWIMMING,游泳 (Swimming),1,2016 Olympic swimming,PNG,Papua New Guinea,Oceania,Melanesia,noc,active,partial,https://www.worldaquatics.com/news/fina-announces-complete-swimming-entry-list-rio-2016,Historical official-event participation evidence; lower-bound activity record.
SWIMMING,游泳 (Swimming),1,2016 Olympic swimming,POL,Poland,Europe,Central Europe,noc,active,partial,https://www.worldaquatics.com/news/fina-announces-complete-swimming-entry-list-rio-2016,Historical official-event participation evidence; lower-bound activity record.
SWIMMING,游泳 (Swimming),1,2016 Olympic swimming,PRI,Puerto Rico,Americas,Caribbean,noc,active,partial,https://www.worldaquatics.com/news/fina-announces-complete-swimming-entry-list-rio-2016,Historical official-event participation evidence; lower-bound activity record.
SWIMMING,游泳 (Swimming),1,2016 Olympic swimming,PRT,Portugal,Europe,Southern Europe,noc,active,partial,https://www.worldaquatics.com/news/fina-announces-complete-swimming-entry-list-rio-2016,Historical official-event participation evidence; lower-bound activity record.
SWIMMING,游泳 (Swimming),1,2016 Olympic swimming,PRY,Paraguay,Americas,South America,noc,active,partial,https://www.worldaquatics.com/news/fina-announces-complete-swimming-entry-list-rio-2016,Historical official-event participation evidence; lower-bound activity record.
SWIMMING,游泳 (Swimming),1,2016 Olympic swimming,PSE,Palestine,Asia,Western Asia,noc,active,partial,https://www.worldaquatics.com/news/fina-announces-complete-swimming-entry-list-rio-2016,Historical official-event participation evidence; lower-bound activity record.
SWIMMING,游泳 (Swimming),1,2016 Olympic swimming,QAT,Qatar,Asia,Western Asia,noc,active,partial,https://www.worldaquatics.com/news/fina-announces-complete-swimming-entry-list-rio-2016,Historical official-event participation evidence; lower-bound activity record.
SWIMMING,游泳 (Swimming),1,2016 Olympic swimming,ROU,Romania,Europe,Southeast Europe,noc,active,partial,https://www.worldaquatics.com/news/fina-announces-complete-swimming-entry-list-rio-2016,Historical official-event participation evidence; lower-bound activity record.
SWIMMING,游泳 (Swimming),1,2016 Olympic swimming,RUS,Russia,Europe,Eastern Europe,noc,active,partial,https://www.worldaquatics.com/news/fina-announces-complete-swimming-entry-list-rio-2016,Historical official-event participation evidence; lower-bound activity record.
SWIMMING,游泳 (Swimming),1,2016 Olympic swimming,RWA,Rwanda,Africa,Eastern Africa,noc,active,partial,https://www.worldaquatics.com/news/fina-announces-complete-swimming-entry-list-rio-2016,Historical official-event participation evidence; lower-bound activity record.
SWIMMING,游泳 (Swimming),1,2016 Olympic swimming,SAU,Saudi Arabia,Asia,Western Asia,noc,active,partial,https://www.worldaquatics.com/news/fina-announces-complete-swimming-entry-list-rio-2016,Historical official-event participation evidence; lower-bound activity record.
SWIMMING,游泳 (Swimming),1,2016 Olympic swimming,SDN,Sudan,Africa,Northern Africa,noc,active,partial,https://www.worldaquatics.com/news/fina-announces-complete-swimming-entry-list-rio-2016,Historical official-event participation evidence; lower-bound activity record.
SWIMMING,游泳 (Swimming),1,2016 Olympic swimming,SEN,Senegal,Africa,Western Africa,noc,active,partial,https://www.worldaquatics.com/news/fina-announces-complete-swimming-entry-list-rio-2016,Historical official-event participation evidence; lower-bound activity record.
SWIMMING,游泳 (Swimming),1,2016 Olympic swimming,SGP,Singapore,Asia,South-Eastern Asia,noc,active,partial,https://www.worldaquatics.com/news/fina-announces-complete-swimming-entry-list-rio-2016,Historical official-event participation evidence; lower-bound activity record.
SWIMMING,游泳 (Swimming),1,2016 Olympic swimming,SLB,Solomon Islands,Oceania,Melanesia,noc,active,partial,https://www.worldaquatics.com/news/fina-announces-complete-swimming-entry-list-rio-2016,Historical official-event participation evidence; lower-bound activity record.
SWIMMING,游泳 (Swimming),1,2016 Olympic swimming,SLE,Sierra Leone,Africa,Western Africa,noc,active,partial,https://www.worldaquatics.com/news/fina-announces-complete-swimming-entry-list-rio-2016,Historical official-event participation evidence; lower-bound activity record.
SWIMMING,游泳 (Swimming),1,2016 Olympic swimming,SLV,El Salvador,Americas,Central America,noc,active,partial,https://www.worldaquatics.com/news/fina-announces-complete-swimming-entry-list-rio-2016,Historical official-event participation evidence; lower-bound activity record.
SWIMMING,游泳 (Swimming),1,2016 Olympic swimming,SMR,San Marino,Europe,Southern Europe,noc,active,partial,https://www.worldaquatics.com/news/fina-announces-complete-swimming-entry-list-rio-2016,Historical official-event participation evidence; lower-bound activity record.
SWIMMING,游泳 (Swimming),1,2016 Olympic swimming,SRB,Serbia,Europe,Southeast Europe,noc,active,partial,https://www.worldaquatics.com/news/fina-announces-complete-swimming-entry-list-rio-2016,Historical official-event participation evidence; lower-bound activity record.
SWIMMING,游泳 (Swimming),1,2016 Olympic swimming,SUR,Suriname,Americas,South America,noc,active,partial,https://www.worldaquatics.com/news/fina-announces-complete-swimming-entry-list-rio-2016,Historical official-event participation evidence; lower-bound activity record.
SWIMMING,游泳 (Swimming),1,2016 Olympic swimming,SVK,Slovakia,Europe,Central Europe,noc,active,partial,https://www.worldaquatics.com/news/fina-announces-complete-swimming-entry-list-rio-2016,Historical official-event participation evidence; lower-bound activity record.
SWIMMING,游泳 (Swimming),1,2016 Olympic swimming,SVN,Slovenia,Europe,Central Europe,noc,active,partial,https://www.worldaquatics.com/news/fina-announces-complete-swimming-entry-list-rio-2016,Historical official-event participation evidence; lower-bound activity record.
SWIMMING,游泳 (Swimming),1,2016 Olympic swimming,SWE,Sweden,Europe,Northern Europe,noc,active,partial,https://www.worldaquatics.com/news/fina-announces-complete-swimming-entry-list-rio-2016,Historical official-event participation evidence; lower-bound activity record.
SWIMMING,游泳 (Swimming),1,2016 Olympic swimming,SWZ,Eswatini,Africa,Southern Africa,noc,active,partial,https://www.worldaquatics.com/news/fina-announces-complete-swimming-entry-list-rio-2016,Historical official-event participation evidence; lower-bound activity record.
SWIMMING,游泳 (Swimming),1,2016 Olympic swimming,SYC,Seychelles,Africa,Eastern Africa,noc,active,partial,https://www.worldaquatics.com/news/fina-announces-complete-swimming-entry-list-rio-2016,Historical official-event participation evidence; lower-bound activity record.
SWIMMING,游泳 (Swimming),1,2016 Olympic swimming,SYR,Syria,Asia,Western Asia,noc,active,partial,https://www.worldaquatics.com/news/fina-announces-complete-swimming-entry-list-rio-2016,Historical official-event participation evidence; lower-bound activity record.
SWIMMING,游泳 (Swimming),1,2016 Olympic swimming,TGO,Togo,Africa,Western Africa,noc,active,partial,https://www.worldaquatics.com/news/fina-announces-complete-swimming-entry-list-rio-2016,Historical official-event participation evidence; lower-bound activity record.
SWIMMING,游泳 (Swimming),1,2016 Olympic swimming,THA,Thailand,Asia,South-Eastern Asia,noc,active,partial,https://www.worldaquatics.com/news/fina-announces-complete-swimming-entry-list-rio-2016,Historical official-event participation evidence; lower-bound activity record.
SWIMMING,游泳 (Swimming),1,2016 Olympic swimming,TJK,Tajikistan,Asia,Central Asia,noc,active,partial,https://www.worldaquatics.com/news/fina-announces-complete-swimming-entry-list-rio-2016,Historical official-event participation evidence; lower-bound activity record.
SWIMMING,游泳 (Swimming),1,2016 Olympic swimming,TKM,Turkmenistan,Asia,Central Asia,noc,active,partial,https://www.worldaquatics.com/news/fina-announces-complete-swimming-entry-list-rio-2016,Historical official-event participation evidence; lower-bound activity record.
SWIMMING,游泳 (Swimming),1,2016 Olympic swimming,TLS,Timor-Leste,Asia,South-Eastern Asia,noc,active,partial,https://www.worldaquatics.com/news/fina-announces-complete-swimming-entry-list-rio-2016,Historical official-event participation evidence; lower-bound activity record.
SWIMMING,游泳 (Swimming),1,2016 Olympic swimming,TON,Tonga,Oceania,Polynesia,noc,active,partial,https://www.worldaquatics.com/news/fina-announces-complete-swimming-entry-list-rio-2016,Historical official-event participation evidence; lower-bound activity record.
SWIMMING,游泳 (Swimming),1,2016 Olympic swimming,TTO,Trinidad and Tobago,Americas,Caribbean,noc,active,partial,https://www.worldaquatics.com/news/fina-announces-complete-swimming-entry-list-rio-2016,Historical official-event participation evidence; lower-bound activity record.
SWIMMING,游泳 (Swimming),1,2016 Olympic swimming,TUN,Tunisia,Africa,Northern Africa,noc,active,partial,https://www.worldaquatics.com/news/fina-announces-complete-swimming-entry-list-rio-2016,Historical official-event participation evidence; lower-bound activity record.
SWIMMING,游泳 (Swimming),1,2016 Olympic swimming,TUR,Türkiye,Asia,Western Asia,noc,active,partial,https://www.worldaquatics.com/news/fina-announces-complete-swimming-entry-list-rio-2016,Historical official-event participation evidence; lower-bound activity record.
SWIMMING,游泳 (Swimming),1,2016 Olympic swimming,TWN,Taiwan,Asia,Eastern Asia,noc,active,partial,https://www.worldaquatics.com/news/fina-announces-complete-swimming-entry-list-rio-2016,Historical official-event participation evidence; lower-bound activity record.
SWIMMING,游泳 (Swimming),1,2016 Olympic swimming,TZA,Tanzania,Africa,Eastern Africa,noc,active,partial,https://www.worldaquatics.com/news/fina-announces-complete-swimming-entry-list-rio-2016,Historical official-event participation evidence; lower-bound activity record.
SWIMMING,游泳 (Swimming),1,2016 Olympic swimming,UGA,Uganda,Africa,Eastern Africa,noc,active,partial,https://www.worldaquatics.com/news/fina-announces-complete-swimming-entry-list-rio-2016,Historical official-event participation evidence; lower-bound activity record.
SWIMMING,游泳 (Swimming),1,2016 Olympic swimming,UKR,Ukraine,Europe,Eastern Europe,noc,active,partial,https://www.worldaquatics.com/news/fina-announces-complete-swimming-entry-list-rio-2016,Historical official-event participation evidence; lower-bound activity record.
SWIMMING,游泳 (Swimming),1,2016 Olympic swimming,UNK,Kosovo,Europe,Southeast Europe,noc,active,partial,https://www.worldaquatics.com/news/fina-announces-complete-swimming-entry-list-rio-2016,Historical official-event participation evidence; lower-bound activity record.
SWIMMING,游泳 (Swimming),1,2016 Olympic swimming,URY,Uruguay,Americas,South America,noc,active,partial,https://www.worldaquatics.com/news/fina-announces-complete-swimming-entry-list-rio-2016,Historical official-event participation evidence; lower-bound activity record.
SWIMMING,游泳 (Swimming),1,2016 Olympic swimming,USA,United States,Americas,North America,noc,active,partial,https://www.worldaquatics.com/news/fina-announces-complete-swimming-entry-list-rio-2016,Historical official-event participation evidence; lower-bound activity record.
SWIMMING,游泳 (Swimming),1,2016 Olympic swimming,UZB,Uzbekistan,Asia,Central Asia,noc,active,partial,https://www.worldaquatics.com/news/fina-announces-complete-swimming-entry-list-rio-2016,Historical official-event participation evidence; lower-bound activity record.
SWIMMING,游泳 (Swimming),1,2016 Olympic swimming,VCT,Saint Vincent and the Grenadines,Americas,Caribbean,noc,active,partial,https://www.worldaquatics.com/news/fina-announces-complete-swimming-entry-list-rio-2016,Historical official-event participation evidence; lower-bound activity record.
SWIMMING,游泳 (Swimming),1,2016 Olympic swimming,VEN,Venezuela,Americas,South America,noc,active,partial,https://www.worldaquatics.com/news/fina-announces-complete-swimming-entry-list-rio-2016,Historical official-event participation evidence; lower-bound activity record.
SWIMMING,游泳 (Swimming),1,2016 Olympic swimming,VIR,United States Virgin Islands,Americas,Caribbean,noc,active,partial,https://www.worldaquatics.com/news/fina-announces-complete-swimming-entry-list-rio-2016,Historical official-event participation evidence; lower-bound activity record.
SWIMMING,游泳 (Swimming),1,2016 Olympic swimming,VNM,Vietnam,Asia,South-Eastern Asia,noc,active,partial,https://www.worldaquatics.com/news/fina-announces-complete-swimming-entry-list-rio-2016,Historical official-event participation evidence; lower-bound activity record.
SWIMMING,游泳 (Swimming),1,2016 Olympic swimming,VUT,Vanuatu,Oceania,Melanesia,noc,active,partial,https://www.worldaquatics.com/news/fina-announces-complete-swimming-entry-list-rio-2016,Historical official-event participation evidence; lower-bound activity record.
SWIMMING,游泳 (Swimming),1,2016 Olympic swimming,WSM,Samoa,Oceania,Polynesia,noc,active,partial,https://www.worldaquatics.com/news/fina-announces-complete-swimming-entry-list-rio-2016,Historical official-event participation evidence; lower-bound activity record.
SWIMMING,游泳 (Swimming),1,2016 Olympic swimming,YEM,Yemen,Asia,Western Asia,noc,active,partial,https://www.worldaquatics.com/news/fina-announces-complete-swimming-entry-list-rio-2016,Historical official-event participation evidence; lower-bound activity record.
SWIMMING,游泳 (Swimming),1,2016 Olympic swimming,ZAF,South Africa,Africa,Southern Africa,noc,active,partial,https://www.worldaquatics.com/news/fina-announces-complete-swimming-entry-list-rio-2016,Historical official-event participation evidence; lower-bound activity record.
SWIMMING,游泳 (Swimming),1,2016 Olympic swimming,ZMB,Zambia,Africa,Eastern Africa,noc,active,partial,https://www.worldaquatics.com/news/fina-announces-complete-swimming-entry-list-rio-2016,Historical official-event participation evidence; lower-bound activity record.
SWIMMING,游泳 (Swimming),1,2016 Olympic swimming,ZWE,Zimbabwe,Africa,Eastern Africa,noc,active,partial,https://www.worldaquatics.com/news/fina-announces-complete-swimming-entry-list-rio-2016,Historical official-event participation evidence; lower-bound activity record.
SWIMMING,游泳 (Swimming),2,2020 Olympic swimming,ABW,Aruba,Americas,Caribbean,noc,active,partial,https://www.worldaquatics.com/competitions/5/olympic-games-tokyo-2020/athletes,Historical official-event participation evidence; lower-bound activity record.
SWIMMING,游泳 (Swimming),2,2020 Olympic swimming,AFG,Afghanistan,Asia,Southern Asia,noc,active,partial,https://www.worldaquatics.com/competitions/5/olympic-games-tokyo-2020/athletes,Historical official-event participation evidence; lower-bound activity record.
SWIMMING,游泳 (Swimming),2,2020 Olympic swimming,AGO,Angola,Africa,Middle Africa,noc,active,partial,https://www.worldaquatics.com/competitions/5/olympic-games-tokyo-2020/athletes,Historical official-event participation evidence; lower-bound activity record.
SWIMMING,游泳 (Swimming),2,2020 Olympic swimming,ALB,Albania,Europe,Southeast Europe,noc,active,partial,https://www.worldaquatics.com/competitions/5/olympic-games-tokyo-2020/athletes,Historical official-event participation evidence; lower-bound activity record.
SWIMMING,游泳 (Swimming),2,2020 Olympic swimming,ARE,United Arab Emirates,Asia,Western Asia,noc,active,partial,https://www.worldaquatics.com/competitions/5/olympic-games-tokyo-2020/athletes,Historical official-event participation evidence; lower-bound activity record.
SWIMMING,游泳 (Swimming),2,2020 Olympic swimming,ARG,Argentina,Americas,South America,noc,active,partial,https://www.worldaquatics.com/competitions/5/olympic-games-tokyo-2020/athletes,Historical official-event participation evidence; lower-bound activity record.
SWIMMING,游泳 (Swimming),2,2020 Olympic swimming,ARM,Armenia,Asia,Western Asia,noc,active,partial,https://www.worldaquatics.com/competitions/5/olympic-games-tokyo-2020/athletes,Historical official-event participation evidence; lower-bound activity record.
SWIMMING,游泳 (Swimming),2,2020 Olympic swimming,ASM,American Samoa,Oceania,Polynesia,noc,active,partial,https://www.worldaquatics.com/competitions/5/olympic-games-tokyo-2020/athletes,Historical official-event participation evidence; lower-bound activity record.
SWIMMING,游泳 (Swimming),2,2020 Olympic swimming,ATG,Antigua and Barbuda,Americas,Caribbean,noc,active,partial,https://www.worldaquatics.com/competitions/5/olympic-games-tokyo-2020/athletes,Historical official-event participation evidence; lower-bound activity record.
SWIMMING,游泳 (Swimming),2,2020 Olympic swimming,AUS,Australia,Oceania,Australia and New Zealand,noc,active,partial,https://www.worldaquatics.com/competitions/5/olympic-games-tokyo-2020/athletes,Historical official-event participation evidence; lower-bound activity record.
SWIMMING,游泳 (Swimming),2,2020 Olympic swimming,AUT,Austria,Europe,Central Europe,noc,active,partial,https://www.worldaquatics.com/competitions/5/olympic-games-tokyo-2020/athletes,Historical official-event participation evidence; lower-bound activity record.
SWIMMING,游泳 (Swimming),2,2020 Olympic swimming,AZE,Azerbaijan,Asia,Western Asia,noc,active,partial,https://www.worldaquatics.com/competitions/5/olympic-games-tokyo-2020/athletes,Historical official-event participation evidence; lower-bound activity record.
SWIMMING,游泳 (Swimming),2,2020 Olympic swimming,BDI,Burundi,Africa,Eastern Africa,noc,active,partial,https://www.worldaquatics.com/competitions/5/olympic-games-tokyo-2020/athletes,Historical official-event participation evidence; lower-bound activity record.
SWIMMING,游泳 (Swimming),2,2020 Olympic swimming,BEL,Belgium,Europe,Western Europe,noc,active,partial,https://www.worldaquatics.com/competitions/5/olympic-games-tokyo-2020/athletes,Historical official-event participation evidence; lower-bound activity record.
SWIMMING,游泳 (Swimming),2,2020 Olympic swimming,BEN,Benin,Africa,Western Africa,noc,active,partial,https://www.worldaquatics.com/competitions/5/olympic-games-tokyo-2020/athletes,Historical official-event participation evidence; lower-bound activity record.
SWIMMING,游泳 (Swimming),2,2020 Olympic swimming,BFA,Burkina Faso,Africa,Western Africa,noc,active,partial,https://www.worldaquatics.com/competitions/5/olympic-games-tokyo-2020/athletes,Historical official-event participation evidence; lower-bound activity record.
SWIMMING,游泳 (Swimming),2,2020 Olympic swimming,BGD,Bangladesh,Asia,Southern Asia,noc,active,partial,https://www.worldaquatics.com/competitions/5/olympic-games-tokyo-2020/athletes,Historical official-event participation evidence; lower-bound activity record.
SWIMMING,游泳 (Swimming),2,2020 Olympic swimming,BGR,Bulgaria,Europe,Southeast Europe,noc,active,partial,https://www.worldaquatics.com/competitions/5/olympic-games-tokyo-2020/athletes,Historical official-event participation evidence; lower-bound activity record.
SWIMMING,游泳 (Swimming),2,2020 Olympic swimming,BHR,Bahrain,Asia,Western Asia,noc,active,partial,https://www.worldaquatics.com/competitions/5/olympic-games-tokyo-2020/athletes,Historical official-event participation evidence; lower-bound activity record.
SWIMMING,游泳 (Swimming),2,2020 Olympic swimming,BHS,Bahamas,Americas,Caribbean,noc,active,partial,https://www.worldaquatics.com/competitions/5/olympic-games-tokyo-2020/athletes,Historical official-event participation evidence; lower-bound activity record.
SWIMMING,游泳 (Swimming),2,2020 Olympic swimming,BIH,Bosnia and Herzegovina,Europe,Southeast Europe,noc,active,partial,https://www.worldaquatics.com/competitions/5/olympic-games-tokyo-2020/athletes,Historical official-event participation evidence; lower-bound activity record.
SWIMMING,游泳 (Swimming),2,2020 Olympic swimming,BMU,Bermuda,Americas,North America,noc,active,partial,https://www.worldaquatics.com/competitions/5/olympic-games-tokyo-2020/athletes,Historical official-event participation evidence; lower-bound activity record.
SWIMMING,游泳 (Swimming),2,2020 Olympic swimming,BOL,Bolivia,Americas,South America,noc,active,partial,https://www.worldaquatics.com/competitions/5/olympic-games-tokyo-2020/athletes,Historical official-event participation evidence; lower-bound activity record.
SWIMMING,游泳 (Swimming),2,2020 Olympic swimming,BRA,Brazil,Americas,South America,noc,active,partial,https://www.worldaquatics.com/competitions/5/olympic-games-tokyo-2020/athletes,Historical official-event participation evidence; lower-bound activity record.
SWIMMING,游泳 (Swimming),2,2020 Olympic swimming,BRB,Barbados,Americas,Caribbean,noc,active,partial,https://www.worldaquatics.com/competitions/5/olympic-games-tokyo-2020/athletes,Historical official-event participation evidence; lower-bound activity record.
SWIMMING,游泳 (Swimming),2,2020 Olympic swimming,BRN,Brunei,Asia,South-Eastern Asia,noc,active,partial,https://www.worldaquatics.com/competitions/5/olympic-games-tokyo-2020/athletes,Historical official-event participation evidence; lower-bound activity record.
SWIMMING,游泳 (Swimming),2,2020 Olympic swimming,BTN,Bhutan,Asia,Southern Asia,noc,active,partial,https://www.worldaquatics.com/competitions/5/olympic-games-tokyo-2020/athletes,Historical official-event participation evidence; lower-bound activity record.
SWIMMING,游泳 (Swimming),2,2020 Olympic swimming,BWA,Botswana,Africa,Southern Africa,noc,active,partial,https://www.worldaquatics.com/competitions/5/olympic-games-tokyo-2020/athletes,Historical official-event participation evidence; lower-bound activity record.
SWIMMING,游泳 (Swimming),2,2020 Olympic swimming,CAF,Central African Republic,Africa,Middle Africa,noc,active,partial,https://www.worldaquatics.com/competitions/5/olympic-games-tokyo-2020/athletes,Historical official-event participation evidence; lower-bound activity record.
SWIMMING,游泳 (Swimming),2,2020 Olympic swimming,CAN,Canada,Americas,North America,noc,active,partial,https://www.worldaquatics.com/competitions/5/olympic-games-tokyo-2020/athletes,Historical official-event participation evidence; lower-bound activity record.
SWIMMING,游泳 (Swimming),2,2020 Olympic swimming,CHE,Switzerland,Europe,Western Europe,noc,active,partial,https://www.worldaquatics.com/competitions/5/olympic-games-tokyo-2020/athletes,Historical official-event participation evidence; lower-bound activity record.
SWIMMING,游泳 (Swimming),2,2020 Olympic swimming,CHL,Chile,Americas,South America,noc,active,partial,https://www.worldaquatics.com/competitions/5/olympic-games-tokyo-2020/athletes,Historical official-event participation evidence; lower-bound activity record.
SWIMMING,游泳 (Swimming),2,2020 Olympic swimming,CHN,China,Asia,Eastern Asia,noc,active,partial,https://www.worldaquatics.com/competitions/5/olympic-games-tokyo-2020/athletes,Historical official-event participation evidence; lower-bound activity record.
SWIMMING,游泳 (Swimming),2,2020 Olympic swimming,CMR,Cameroon,Africa,Middle Africa,noc,active,partial,https://www.worldaquatics.com/competitions/5/olympic-games-tokyo-2020/athletes,Historical official-event participation evidence; lower-bound activity record.
SWIMMING,游泳 (Swimming),2,2020 Olympic swimming,COD,DR Congo,Africa,Middle Africa,noc,active,partial,https://www.worldaquatics.com/competitions/5/olympic-games-tokyo-2020/athletes,Historical official-event participation evidence; lower-bound activity record.
SWIMMING,游泳 (Swimming),2,2020 Olympic swimming,COG,Congo,Africa,Middle Africa,noc,active,partial,https://www.worldaquatics.com/competitions/5/olympic-games-tokyo-2020/athletes,Historical official-event participation evidence; lower-bound activity record.
SWIMMING,游泳 (Swimming),2,2020 Olympic swimming,COK,Cook Islands,Oceania,Polynesia,noc,active,partial,https://www.worldaquatics.com/competitions/5/olympic-games-tokyo-2020/athletes,Historical official-event participation evidence; lower-bound activity record.
SWIMMING,游泳 (Swimming),2,2020 Olympic swimming,COL,Colombia,Americas,South America,noc,active,partial,https://www.worldaquatics.com/competitions/5/olympic-games-tokyo-2020/athletes,Historical official-event participation evidence; lower-bound activity record.
SWIMMING,游泳 (Swimming),2,2020 Olympic swimming,COM,Comoros,Africa,Eastern Africa,noc,active,partial,https://www.worldaquatics.com/competitions/5/olympic-games-tokyo-2020/athletes,Historical official-event participation evidence; lower-bound activity record.
SWIMMING,游泳 (Swimming),2,2020 Olympic swimming,CPV,Cape Verde,Africa,Western Africa,noc,active,partial,https://www.worldaquatics.com/competitions/5/olympic-games-tokyo-2020/athletes,Historical official-event participation evidence; lower-bound activity record.
SWIMMING,游泳 (Swimming),2,2020 Olympic swimming,CRI,Costa Rica,Americas,Central America,noc,active,partial,https://www.worldaquatics.com/competitions/5/olympic-games-tokyo-2020/athletes,Historical official-event participation evidence; lower-bound activity record.
SWIMMING,游泳 (Swimming),2,2020 Olympic swimming,CUB,Cuba,Americas,Caribbean,noc,active,partial,https://www.worldaquatics.com/competitions/5/olympic-games-tokyo-2020/athletes,Historical official-event participation evidence; lower-bound activity record.
SWIMMING,游泳 (Swimming),2,2020 Olympic swimming,CYM,Cayman Islands,Americas,Caribbean,noc,active,partial,https://www.worldaquatics.com/competitions/5/olympic-games-tokyo-2020/athletes,Historical official-event participation evidence; lower-bound activity record.
SWIMMING,游泳 (Swimming),2,2020 Olympic swimming,CYP,Cyprus,Europe,Southern Europe,noc,active,partial,https://www.worldaquatics.com/competitions/5/olympic-games-tokyo-2020/athletes,Historical official-event participation evidence; lower-bound activity record.
SWIMMING,游泳 (Swimming),2,2020 Olympic swimming,CZE,Czechia,Europe,Central Europe,noc,active,partial,https://www.worldaquatics.com/competitions/5/olympic-games-tokyo-2020/athletes,Historical official-event participation evidence; lower-bound activity record.
SWIMMING,游泳 (Swimming),2,2020 Olympic swimming,DEU,Germany,Europe,Western Europe,noc,active,partial,https://www.worldaquatics.com/competitions/5/olympic-games-tokyo-2020/athletes,Historical official-event participation evidence; lower-bound activity record.
SWIMMING,游泳 (Swimming),2,2020 Olympic swimming,DJI,Djibouti,Africa,Eastern Africa,noc,active,partial,https://www.worldaquatics.com/competitions/5/olympic-games-tokyo-2020/athletes,Historical official-event participation evidence; lower-bound activity record.
SWIMMING,游泳 (Swimming),2,2020 Olympic swimming,DMA,Dominica,Americas,Caribbean,noc,active,partial,https://www.worldaquatics.com/competitions/5/olympic-games-tokyo-2020/athletes,Historical official-event participation evidence; lower-bound activity record.
SWIMMING,游泳 (Swimming),2,2020 Olympic swimming,DNK,Denmark,Europe,Northern Europe,noc,active,partial,https://www.worldaquatics.com/competitions/5/olympic-games-tokyo-2020/athletes,Historical official-event participation evidence; lower-bound activity record.
SWIMMING,游泳 (Swimming),2,2020 Olympic swimming,DOM,Dominican Republic,Americas,Caribbean,noc,active,partial,https://www.worldaquatics.com/competitions/5/olympic-games-tokyo-2020/athletes,Historical official-event participation evidence; lower-bound activity record.
SWIMMING,游泳 (Swimming),2,2020 Olympic swimming,DZA,Algeria,Africa,Northern Africa,noc,active,partial,https://www.worldaquatics.com/competitions/5/olympic-games-tokyo-2020/athletes,Historical official-event participation evidence; lower-bound activity record.
SWIMMING,游泳 (Swimming),2,2020 Olympic swimming,ECU,Ecuador,Americas,South America,noc,active,partial,https://www.worldaquatics.com/competitions/5/olympic-games-tokyo-2020/athletes,Historical official-event participation evidence; lower-bound activity record.
SWIMMING,游泳 (Swimming),2,2020 Olympic swimming,EGY,Egypt,Africa,Northern Africa,noc,active,partial,https://www.worldaquatics.com/competitions/5/olympic-games-tokyo-2020/athletes,Historical official-event participation evidence; lower-bound activity record.
SWIMMING,游泳 (Swimming),2,2020 Olympic swimming,ERI,Eritrea,Africa,Eastern Africa,noc,active,partial,https://www.worldaquatics.com/competitions/5/olympic-games-tokyo-2020/athletes,Historical official-event participation evidence; lower-bound activity record.
SWIMMING,游泳 (Swimming),2,2020 Olympic swimming,ESP,Spain,Europe,Southern Europe,noc,active,partial,https://www.worldaquatics.com/competitions/5/olympic-games-tokyo-2020/athletes,Historical official-event participation evidence; lower-bound activity record.
SWIMMING,游泳 (Swimming),2,2020 Olympic swimming,EST,Estonia,Europe,Northern Europe,noc,active,partial,https://www.worldaquatics.com/competitions/5/olympic-games-tokyo-2020/athletes,Historical official-event participation evidence; lower-bound activity record.
SWIMMING,游泳 (Swimming),2,2020 Olympic swimming,ETH,Ethiopia,Africa,Eastern Africa,noc,active,partial,https://www.worldaquatics.com/competitions/5/olympic-games-tokyo-2020/athletes,Historical official-event participation evidence; lower-bound activity record.
SWIMMING,游泳 (Swimming),2,2020 Olympic swimming,FIN,Finland,Europe,Northern Europe,noc,active,partial,https://www.worldaquatics.com/competitions/5/olympic-games-tokyo-2020/athletes,Historical official-event participation evidence; lower-bound activity record.
SWIMMING,游泳 (Swimming),2,2020 Olympic swimming,FJI,Fiji,Oceania,Melanesia,noc,active,partial,https://www.worldaquatics.com/competitions/5/olympic-games-tokyo-2020/athletes,Historical official-event participation evidence; lower-bound activity record.
SWIMMING,游泳 (Swimming),2,2020 Olympic swimming,FRA,France,Europe,Western Europe,noc,active,partial,https://www.worldaquatics.com/competitions/5/olympic-games-tokyo-2020/athletes,Historical official-event participation evidence; lower-bound activity record.
SWIMMING,游泳 (Swimming),2,2020 Olympic swimming,FSM,Micronesia,Oceania,Micronesia,noc,active,partial,https://www.worldaquatics.com/competitions/5/olympic-games-tokyo-2020/athletes,Historical official-event participation evidence; lower-bound activity record.
SWIMMING,游泳 (Swimming),2,2020 Olympic swimming,GAB,Gabon,Africa,Middle Africa,noc,active,partial,https://www.worldaquatics.com/competitions/5/olympic-games-tokyo-2020/athletes,Historical official-event participation evidence; lower-bound activity record.
SWIMMING,游泳 (Swimming),2,2020 Olympic swimming,GBR,United Kingdom,Europe,Northern Europe,noc,active,partial,https://www.worldaquatics.com/competitions/5/olympic-games-tokyo-2020/athletes,Historical official-event participation evidence; lower-bound activity record.
SWIMMING,游泳 (Swimming),2,2020 Olympic swimming,GEO,Georgia,Asia,Western Asia,noc,active,partial,https://www.worldaquatics.com/competitions/5/olympic-games-tokyo-2020/athletes,Historical official-event participation evidence; lower-bound activity record.
SWIMMING,游泳 (Swimming),2,2020 Olympic swimming,GHA,Ghana,Africa,Western Africa,noc,active,partial,https://www.worldaquatics.com/competitions/5/olympic-games-tokyo-2020/athletes,Historical official-event participation evidence; lower-bound activity record.
SWIMMING,游泳 (Swimming),2,2020 Olympic swimming,GIN,Guinea,Africa,Western Africa,noc,active,partial,https://www.worldaquatics.com/competitions/5/olympic-games-tokyo-2020/athletes,Historical official-event participation evidence; lower-bound activity record.
SWIMMING,游泳 (Swimming),2,2020 Olympic swimming,GMB,Gambia,Africa,Western Africa,noc,active,partial,https://www.worldaquatics.com/competitions/5/olympic-games-tokyo-2020/athletes,Historical official-event participation evidence; lower-bound activity record.
SWIMMING,游泳 (Swimming),2,2020 Olympic swimming,GNB,Guinea-Bissau,Africa,Western Africa,noc,active,partial,https://www.worldaquatics.com/competitions/5/olympic-games-tokyo-2020/athletes,Historical official-event participation evidence; lower-bound activity record.
SWIMMING,游泳 (Swimming),2,2020 Olympic swimming,GNQ,Equatorial Guinea,Africa,Middle Africa,noc,active,partial,https://www.worldaquatics.com/competitions/5/olympic-games-tokyo-2020/athletes,Historical official-event participation evidence; lower-bound activity record.
SWIMMING,游泳 (Swimming),2,2020 Olympic swimming,GRC,Greece,Europe,Southern Europe,noc,active,partial,https://www.worldaquatics.com/competitions/5/olympic-games-tokyo-2020/athletes,Historical official-event participation evidence; lower-bound activity record.
SWIMMING,游泳 (Swimming),2,2020 Olympic swimming,GRD,Grenada,Americas,Caribbean,noc,active,partial,https://www.worldaquatics.com/competitions/5/olympic-games-tokyo-2020/athletes,Historical official-event participation evidence; lower-bound activity record.
SWIMMING,游泳 (Swimming),2,2020 Olympic swimming,GTM,Guatemala,Americas,Central America,noc,active,partial,https://www.worldaquatics.com/competitions/5/olympic-games-tokyo-2020/athletes,Historical official-event participation evidence; lower-bound activity record.
SWIMMING,游泳 (Swimming),2,2020 Olympic swimming,GUY,Guyana,Americas,South America,noc,active,partial,https://www.worldaquatics.com/competitions/5/olympic-games-tokyo-2020/athletes,Historical official-event participation evidence; lower-bound activity record.
SWIMMING,游泳 (Swimming),2,2020 Olympic swimming,HKG,Hong Kong,Asia,Eastern Asia,noc,active,partial,https://www.worldaquatics.com/competitions/5/olympic-games-tokyo-2020/athletes,Historical official-event participation evidence; lower-bound activity record.
SWIMMING,游泳 (Swimming),2,2020 Olympic swimming,HND,Honduras,Americas,Central America,noc,active,partial,https://www.worldaquatics.com/competitions/5/olympic-games-tokyo-2020/athletes,Historical official-event participation evidence; lower-bound activity record.
SWIMMING,游泳 (Swimming),2,2020 Olympic swimming,HRV,Croatia,Europe,Southeast Europe,noc,active,partial,https://www.worldaquatics.com/competitions/5/olympic-games-tokyo-2020/athletes,Historical official-event participation evidence; lower-bound activity record.
SWIMMING,游泳 (Swimming),2,2020 Olympic swimming,HTI,Haiti,Americas,Caribbean,noc,active,partial,https://www.worldaquatics.com/competitions/5/olympic-games-tokyo-2020/athletes,Historical official-event participation evidence; lower-bound activity record.
SWIMMING,游泳 (Swimming),2,2020 Olympic swimming,HUN,Hungary,Europe,Central Europe,noc,active,partial,https://www.worldaquatics.com/competitions/5/olympic-games-tokyo-2020/athletes,Historical official-event participation evidence; lower-bound activity record.
SWIMMING,游泳 (Swimming),2,2020 Olympic swimming,IDN,Indonesia,Asia,South-Eastern Asia,noc,active,partial,https://www.worldaquatics.com/competitions/5/olympic-games-tokyo-2020/athletes,Historical official-event participation evidence; lower-bound activity record.
SWIMMING,游泳 (Swimming),2,2020 Olympic swimming,IND,India,Asia,Southern Asia,noc,active,partial,https://www.worldaquatics.com/competitions/5/olympic-games-tokyo-2020/athletes,Historical official-event participation evidence; lower-bound activity record.
SWIMMING,游泳 (Swimming),2,2020 Olympic swimming,IRL,Ireland,Europe,Northern Europe,noc,active,partial,https://www.worldaquatics.com/competitions/5/olympic-games-tokyo-2020/athletes,Historical official-event participation evidence; lower-bound activity record.
SWIMMING,游泳 (Swimming),2,2020 Olympic swimming,IRN,Iran,Asia,Southern Asia,noc,active,partial,https://www.worldaquatics.com/competitions/5/olympic-games-tokyo-2020/athletes,Historical official-event participation evidence; lower-bound activity record.
SWIMMING,游泳 (Swimming),2,2020 Olympic swimming,IRQ,Iraq,Asia,Western Asia,noc,active,partial,https://www.worldaquatics.com/competitions/5/olympic-games-tokyo-2020/athletes,Historical official-event participation evidence; lower-bound activity record.
SWIMMING,游泳 (Swimming),2,2020 Olympic swimming,ISL,Iceland,Europe,Northern Europe,noc,active,partial,https://www.worldaquatics.com/competitions/5/olympic-games-tokyo-2020/athletes,Historical official-event participation evidence; lower-bound activity record.
SWIMMING,游泳 (Swimming),2,2020 Olympic swimming,ISR,Israel,Asia,Western Asia,noc,active,partial,https://www.worldaquatics.com/competitions/5/olympic-games-tokyo-2020/athletes,Historical official-event participation evidence; lower-bound activity record.
SWIMMING,游泳 (Swimming),2,2020 Olympic swimming,ITA,Italy,Europe,Southern Europe,noc,active,partial,https://www.worldaquatics.com/competitions/5/olympic-games-tokyo-2020/athletes,Historical official-event participation evidence; lower-bound activity record.
SWIMMING,游泳 (Swimming),2,2020 Olympic swimming,JAM,Jamaica,Americas,Caribbean,noc,active,partial,https://www.worldaquatics.com/competitions/5/olympic-games-tokyo-2020/athletes,Historical official-event participation evidence; lower-bound activity record.
SWIMMING,游泳 (Swimming),2,2020 Olympic swimming,JOR,Jordan,Asia,Western Asia,noc,active,partial,https://www.worldaquatics.com/competitions/5/olympic-games-tokyo-2020/athletes,Historical official-event participation evidence; lower-bound activity record.
SWIMMING,游泳 (Swimming),2,2020 Olympic swimming,JPN,Japan,Asia,Eastern Asia,noc,active,partial,https://www.worldaquatics.com/competitions/5/olympic-games-tokyo-2020/athletes,Historical official-event participation evidence; lower-bound activity record.
SWIMMING,游泳 (Swimming),2,2020 Olympic swimming,KAZ,Kazakhstan,Asia,Central Asia,noc,active,partial,https://www.worldaquatics.com/competitions/5/olympic-games-tokyo-2020/athletes,Historical official-event participation evidence; lower-bound activity record.
SWIMMING,游泳 (Swimming),2,2020 Olympic swimming,KEN,Kenya,Africa,Eastern Africa,noc,active,partial,https://www.worldaquatics.com/competitions/5/olympic-games-tokyo-2020/athletes,Historical official-event participation evidence; lower-bound activity record.
SWIMMING,游泳 (Swimming),2,2020 Olympic swimming,KGZ,Kyrgyzstan,Asia,Central Asia,noc,active,partial,https://www.worldaquatics.com/competitions/5/olympic-games-tokyo-2020/athletes,Historical official-event participation evidence; lower-bound activity record.
SWIMMING,游泳 (Swimming),2,2020 Olympic swimming,KHM,Cambodia,Asia,South-Eastern Asia,noc,active,partial,https://www.worldaquatics.com/competitions/5/olympic-games-tokyo-2020/athletes,Historical official-event participation evidence; lower-bound activity record.
SWIMMING,游泳 (Swimming),2,2020 Olympic swimming,KNA,Saint Kitts and Nevis,Americas,Caribbean,noc,active,partial,https://www.worldaquatics.com/competitions/5/olympic-games-tokyo-2020/athletes,Historical official-event participation evidence; lower-bound activity record.
SWIMMING,游泳 (Swimming),2,2020 Olympic swimming,KOR,South Korea,Asia,Eastern Asia,noc,active,partial,https://www.worldaquatics.com/competitions/5/olympic-games-tokyo-2020/athletes,Historical official-event participation evidence; lower-bound activity record.
SWIMMING,游泳 (Swimming),2,2020 Olympic swimming,KWT,Kuwait,Asia,Western Asia,noc,active,partial,https://www.worldaquatics.com/competitions/5/olympic-games-tokyo-2020/athletes,Historical official-event participation evidence; lower-bound activity record.
SWIMMING,游泳 (Swimming),2,2020 Olympic swimming,LAO,Laos,Asia,South-Eastern Asia,noc,active,partial,https://www.worldaquatics.com/competitions/5/olympic-games-tokyo-2020/athletes,Historical official-event participation evidence; lower-bound activity record.
SWIMMING,游泳 (Swimming),2,2020 Olympic swimming,LBN,Lebanon,Asia,Western Asia,noc,active,partial,https://www.worldaquatics.com/competitions/5/olympic-games-tokyo-2020/athletes,Historical official-event participation evidence; lower-bound activity record.
SWIMMING,游泳 (Swimming),2,2020 Olympic swimming,LBY,Libya,Africa,Northern Africa,noc,active,partial,https://www.worldaquatics.com/competitions/5/olympic-games-tokyo-2020/athletes,Historical official-event participation evidence; lower-bound activity record.
SWIMMING,游泳 (Swimming),2,2020 Olympic swimming,LCA,Saint Lucia,Americas,Caribbean,noc,active,partial,https://www.worldaquatics.com/competitions/5/olympic-games-tokyo-2020/athletes,Historical official-event participation evidence; lower-bound activity record.
SWIMMING,游泳 (Swimming),2,2020 Olympic swimming,LKA,Sri Lanka,Asia,Southern Asia,noc,active,partial,https://www.worldaquatics.com/competitions/5/olympic-games-tokyo-2020/athletes,Historical official-event participation evidence; lower-bound activity record.
SWIMMING,游泳 (Swimming),2,2020 Olympic swimming,LTU,Lithuania,Europe,Northern Europe,noc,active,partial,https://www.worldaquatics.com/competitions/5/olympic-games-tokyo-2020/athletes,Historical official-event participation evidence; lower-bound activity record.
SWIMMING,游泳 (Swimming),2,2020 Olympic swimming,LUX,Luxembourg,Europe,Western Europe,noc,active,partial,https://www.worldaquatics.com/competitions/5/olympic-games-tokyo-2020/athletes,Historical official-event participation evidence; lower-bound activity record.
SWIMMING,游泳 (Swimming),2,2020 Olympic swimming,LVA,Latvia,Europe,Northern Europe,noc,active,partial,https://www.worldaquatics.com/competitions/5/olympic-games-tokyo-2020/athletes,Historical official-event participation evidence; lower-bound activity record.
SWIMMING,游泳 (Swimming),2,2020 Olympic swimming,MAR,Morocco,Africa,Northern Africa,noc,active,partial,https://www.worldaquatics.com/competitions/5/olympic-games-tokyo-2020/athletes,Historical official-event participation evidence; lower-bound activity record.
SWIMMING,游泳 (Swimming),2,2020 Olympic swimming,MCO,Monaco,Europe,Western Europe,noc,active,partial,https://www.worldaquatics.com/competitions/5/olympic-games-tokyo-2020/athletes,Historical official-event participation evidence; lower-bound activity record.
SWIMMING,游泳 (Swimming),2,2020 Olympic swimming,MDA,Moldova,Europe,Eastern Europe,noc,active,partial,https://www.worldaquatics.com/competitions/5/olympic-games-tokyo-2020/athletes,Historical official-event participation evidence; lower-bound activity record.
SWIMMING,游泳 (Swimming),2,2020 Olympic swimming,MDG,Madagascar,Africa,Eastern Africa,noc,active,partial,https://www.worldaquatics.com/competitions/5/olympic-games-tokyo-2020/athletes,Historical official-event participation evidence; lower-bound activity record.
SWIMMING,游泳 (Swimming),2,2020 Olympic swimming,MDV,Maldives,Asia,Southern Asia,noc,active,partial,https://www.worldaquatics.com/competitions/5/olympic-games-tokyo-2020/athletes,Historical official-event participation evidence; lower-bound activity record.
SWIMMING,游泳 (Swimming),2,2020 Olympic swimming,MEX,Mexico,Americas,North America,noc,active,partial,https://www.worldaquatics.com/competitions/5/olympic-games-tokyo-2020/athletes,Historical official-event participation evidence; lower-bound activity record.
SWIMMING,游泳 (Swimming),2,2020 Olympic swimming,MHL,Marshall Islands,Oceania,Micronesia,noc,active,partial,https://www.worldaquatics.com/competitions/5/olympic-games-tokyo-2020/athletes,Historical official-event participation evidence; lower-bound activity record.
SWIMMING,游泳 (Swimming),2,2020 Olympic swimming,MKD,North Macedonia,Europe,Southeast Europe,noc,active,partial,https://www.worldaquatics.com/competitions/5/olympic-games-tokyo-2020/athletes,Historical official-event participation evidence; lower-bound activity record.
SWIMMING,游泳 (Swimming),2,2020 Olympic swimming,MLI,Mali,Africa,Western Africa,noc,active,partial,https://www.worldaquatics.com/competitions/5/olympic-games-tokyo-2020/athletes,Historical official-event participation evidence; lower-bound activity record.
SWIMMING,游泳 (Swimming),2,2020 Olympic swimming,MLT,Malta,Europe,Southern Europe,noc,active,partial,https://www.worldaquatics.com/competitions/5/olympic-games-tokyo-2020/athletes,Historical official-event participation evidence; lower-bound activity record.
SWIMMING,游泳 (Swimming),2,2020 Olympic swimming,MMR,Myanmar,Asia,South-Eastern Asia,noc,active,partial,https://www.worldaquatics.com/competitions/5/olympic-games-tokyo-2020/athletes,Historical official-event participation evidence; lower-bound activity record.
SWIMMING,游泳 (Swimming),2,2020 Olympic swimming,MNE,Montenegro,Europe,Southeast Europe,noc,active,partial,https://www.worldaquatics.com/competitions/5/olympic-games-tokyo-2020/athletes,Historical official-event participation evidence; lower-bound activity record.
SWIMMING,游泳 (Swimming),2,2020 Olympic swimming,MNG,Mongolia,Asia,Eastern Asia,noc,active,partial,https://www.worldaquatics.com/competitions/5/olympic-games-tokyo-2020/athletes,Historical official-event participation evidence; lower-bound activity record.
SWIMMING,游泳 (Swimming),2,2020 Olympic swimming,MOZ,Mozambique,Africa,Eastern Africa,noc,active,partial,https://www.worldaquatics.com/competitions/5/olympic-games-tokyo-2020/athletes,Historical official-event participation evidence; lower-bound activity record.
SWIMMING,游泳 (Swimming),2,2020 Olympic swimming,MRT,Mauritania,Africa,Western Africa,noc,active,partial,https://www.worldaquatics.com/competitions/5/olympic-games-tokyo-2020/athletes,Historical official-event participation evidence; lower-bound activity record.
SWIMMING,游泳 (Swimming),2,2020 Olympic swimming,MUS,Mauritius,Africa,Eastern Africa,noc,active,partial,https://www.worldaquatics.com/competitions/5/olympic-games-tokyo-2020/athletes,Historical official-event participation evidence; lower-bound activity record.
SWIMMING,游泳 (Swimming),2,2020 Olympic swimming,MWI,Malawi,Africa,Eastern Africa,noc,active,partial,https://www.worldaquatics.com/competitions/5/olympic-games-tokyo-2020/athletes,Historical official-event participation evidence; lower-bound activity record.
SWIMMING,游泳 (Swimming),2,2020 Olympic swimming,MYS,Malaysia,Asia,South-Eastern Asia,noc,active,partial,https://www.worldaquatics.com/competitions/5/olympic-games-tokyo-2020/athletes,Historical official-event participation evidence; lower-bound activity record.
SWIMMING,游泳 (Swimming),2,2020 Olympic swimming,NER,Niger,Africa,Western Africa,noc,active,partial,https://www.worldaquatics.com/competitions/5/olympic-games-tokyo-2020/athletes,Historical official-event participation evidence; lower-bound activity record.
SWIMMING,游泳 (Swimming),2,2020 Olympic swimming,NGA,Nigeria,Africa,Western Africa,noc,active,partial,https://www.worldaquatics.com/competitions/5/olympic-games-tokyo-2020/athletes,Historical official-event participation evidence; lower-bound activity record.
SWIMMING,游泳 (Swimming),2,2020 Olympic swimming,NIC,Nicaragua,Americas,Central America,noc,active,partial,https://www.worldaquatics.com/competitions/5/olympic-games-tokyo-2020/athletes,Historical official-event participation evidence; lower-bound activity record.
SWIMMING,游泳 (Swimming),2,2020 Olympic swimming,NLD,Netherlands,Europe,Western Europe,noc,active,partial,https://www.worldaquatics.com/competitions/5/olympic-games-tokyo-2020/athletes,Historical official-event participation evidence; lower-bound activity record.
SWIMMING,游泳 (Swimming),2,2020 Olympic swimming,NOR,Norway,Europe,Northern Europe,noc,active,partial,https://www.worldaquatics.com/competitions/5/olympic-games-tokyo-2020/athletes,Historical official-event participation evidence; lower-bound activity record.
SWIMMING,游泳 (Swimming),2,2020 Olympic swimming,NPL,Nepal,Asia,Southern Asia,noc,active,partial,https://www.worldaquatics.com/competitions/5/olympic-games-tokyo-2020/athletes,Historical official-event participation evidence; lower-bound activity record.
SWIMMING,游泳 (Swimming),2,2020 Olympic swimming,NZL,New Zealand,Oceania,Australia and New Zealand,noc,active,partial,https://www.worldaquatics.com/competitions/5/olympic-games-tokyo-2020/athletes,Historical official-event participation evidence; lower-bound activity record.
SWIMMING,游泳 (Swimming),2,2020 Olympic swimming,OMN,Oman,Asia,Western Asia,noc,active,partial,https://www.worldaquatics.com/competitions/5/olympic-games-tokyo-2020/athletes,Historical official-event participation evidence; lower-bound activity record.
SWIMMING,游泳 (Swimming),2,2020 Olympic swimming,PAK,Pakistan,Asia,Southern Asia,noc,active,partial,https://www.worldaquatics.com/competitions/5/olympic-games-tokyo-2020/athletes,Historical official-event participation evidence; lower-bound activity record.
SWIMMING,游泳 (Swimming),2,2020 Olympic swimming,PAN,Panama,Americas,Central America,noc,active,partial,https://www.worldaquatics.com/competitions/5/olympic-games-tokyo-2020/athletes,Historical official-event participation evidence; lower-bound activity record.
SWIMMING,游泳 (Swimming),2,2020 Olympic swimming,PER,Peru,Americas,South America,noc,active,partial,https://www.worldaquatics.com/competitions/5/olympic-games-tokyo-2020/athletes,Historical official-event participation evidence; lower-bound activity record.
SWIMMING,游泳 (Swimming),2,2020 Olympic swimming,PHL,Philippines,Asia,South-Eastern Asia,noc,active,partial,https://www.worldaquatics.com/competitions/5/olympic-games-tokyo-2020/athletes,Historical official-event participation evidence; lower-bound activity record.
SWIMMING,游泳 (Swimming),2,2020 Olympic swimming,PLW,Palau,Oceania,Micronesia,noc,active,partial,https://www.worldaquatics.com/competitions/5/olympic-games-tokyo-2020/athletes,Historical official-event participation evidence; lower-bound activity record.
SWIMMING,游泳 (Swimming),2,2020 Olympic swimming,PNG,Papua New Guinea,Oceania,Melanesia,noc,active,partial,https://www.worldaquatics.com/competitions/5/olympic-games-tokyo-2020/athletes,Historical official-event participation evidence; lower-bound activity record.
SWIMMING,游泳 (Swimming),2,2020 Olympic swimming,POL,Poland,Europe,Central Europe,noc,active,partial,https://www.worldaquatics.com/competitions/5/olympic-games-tokyo-2020/athletes,Historical official-event participation evidence; lower-bound activity record.
SWIMMING,游泳 (Swimming),2,2020 Olympic swimming,PRI,Puerto Rico,Americas,Caribbean,noc,active,partial,https://www.worldaquatics.com/competitions/5/olympic-games-tokyo-2020/athletes,Historical official-event participation evidence; lower-bound activity record.
SWIMMING,游泳 (Swimming),2,2020 Olympic swimming,PRT,Portugal,Europe,Southern Europe,noc,active,partial,https://www.worldaquatics.com/competitions/5/olympic-games-tokyo-2020/athletes,Historical official-event participation evidence; lower-bound activity record.
SWIMMING,游泳 (Swimming),2,2020 Olympic swimming,PRY,Paraguay,Americas,South America,noc,active,partial,https://www.worldaquatics.com/competitions/5/olympic-games-tokyo-2020/athletes,Historical official-event participation evidence; lower-bound activity record.
SWIMMING,游泳 (Swimming),2,2020 Olympic swimming,PSE,Palestine,Asia,Western Asia,noc,active,partial,https://www.worldaquatics.com/competitions/5/olympic-games-tokyo-2020/athletes,Historical official-event participation evidence; lower-bound activity record.
SWIMMING,游泳 (Swimming),2,2020 Olympic swimming,QAT,Qatar,Asia,Western Asia,noc,active,partial,https://www.worldaquatics.com/competitions/5/olympic-games-tokyo-2020/athletes,Historical official-event participation evidence; lower-bound activity record.
SWIMMING,游泳 (Swimming),2,2020 Olympic swimming,ROU,Romania,Europe,Southeast Europe,noc,active,partial,https://www.worldaquatics.com/competitions/5/olympic-games-tokyo-2020/athletes,Historical official-event participation evidence; lower-bound activity record.
SWIMMING,游泳 (Swimming),2,2020 Olympic swimming,RUS,Russia,Europe,Eastern Europe,noc,active,partial,https://www.worldaquatics.com/competitions/5/olympic-games-tokyo-2020/athletes,Historical official-event participation evidence; lower-bound activity record.
SWIMMING,游泳 (Swimming),2,2020 Olympic swimming,RWA,Rwanda,Africa,Eastern Africa,noc,active,partial,https://www.worldaquatics.com/competitions/5/olympic-games-tokyo-2020/athletes,Historical official-event participation evidence; lower-bound activity record.
SWIMMING,游泳 (Swimming),2,2020 Olympic swimming,SAU,Saudi Arabia,Asia,Western Asia,noc,active,partial,https://www.worldaquatics.com/competitions/5/olympic-games-tokyo-2020/athletes,Historical official-event participation evidence; lower-bound activity record.
SWIMMING,游泳 (Swimming),2,2020 Olympic swimming,SDN,Sudan,Africa,Northern Africa,noc,active,partial,https://www.worldaquatics.com/competitions/5/olympic-games-tokyo-2020/athletes,Historical official-event participation evidence; lower-bound activity record.
SWIMMING,游泳 (Swimming),2,2020 Olympic swimming,SEN,Senegal,Africa,Western Africa,noc,active,partial,https://www.worldaquatics.com/competitions/5/olympic-games-tokyo-2020/athletes,Historical official-event participation evidence; lower-bound activity record.
SWIMMING,游泳 (Swimming),2,2020 Olympic swimming,SGP,Singapore,Asia,South-Eastern Asia,noc,active,partial,https://www.worldaquatics.com/competitions/5/olympic-games-tokyo-2020/athletes,Historical official-event participation evidence; lower-bound activity record.
SWIMMING,游泳 (Swimming),2,2020 Olympic swimming,SLB,Solomon Islands,Oceania,Melanesia,noc,active,partial,https://www.worldaquatics.com/competitions/5/olympic-games-tokyo-2020/athletes,Historical official-event participation evidence; lower-bound activity record.
SWIMMING,游泳 (Swimming),2,2020 Olympic swimming,SLE,Sierra Leone,Africa,Western Africa,noc,active,partial,https://www.worldaquatics.com/competitions/5/olympic-games-tokyo-2020/athletes,Historical official-event participation evidence; lower-bound activity record.
SWIMMING,游泳 (Swimming),2,2020 Olympic swimming,SLV,El Salvador,Americas,Central America,noc,active,partial,https://www.worldaquatics.com/competitions/5/olympic-games-tokyo-2020/athletes,Historical official-event participation evidence; lower-bound activity record.
SWIMMING,游泳 (Swimming),2,2020 Olympic swimming,SMR,San Marino,Europe,Southern Europe,noc,active,partial,https://www.worldaquatics.com/competitions/5/olympic-games-tokyo-2020/athletes,Historical official-event participation evidence; lower-bound activity record.
SWIMMING,游泳 (Swimming),2,2020 Olympic swimming,SRB,Serbia,Europe,Southeast Europe,noc,active,partial,https://www.worldaquatics.com/competitions/5/olympic-games-tokyo-2020/athletes,Historical official-event participation evidence; lower-bound activity record.
SWIMMING,游泳 (Swimming),2,2020 Olympic swimming,SUR,Suriname,Americas,South America,noc,active,partial,https://www.worldaquatics.com/competitions/5/olympic-games-tokyo-2020/athletes,Historical official-event participation evidence; lower-bound activity record.
SWIMMING,游泳 (Swimming),2,2020 Olympic swimming,SVK,Slovakia,Europe,Central Europe,noc,active,partial,https://www.worldaquatics.com/competitions/5/olympic-games-tokyo-2020/athletes,Historical official-event participation evidence; lower-bound activity record.
SWIMMING,游泳 (Swimming),2,2020 Olympic swimming,SVN,Slovenia,Europe,Central Europe,noc,active,partial,https://www.worldaquatics.com/competitions/5/olympic-games-tokyo-2020/athletes,Historical official-event participation evidence; lower-bound activity record.
SWIMMING,游泳 (Swimming),2,2020 Olympic swimming,SWE,Sweden,Europe,Northern Europe,noc,active,partial,https://www.worldaquatics.com/competitions/5/olympic-games-tokyo-2020/athletes,Historical official-event participation evidence; lower-bound activity record.
SWIMMING,游泳 (Swimming),2,2020 Olympic swimming,SWZ,Eswatini,Africa,Southern Africa,noc,active,partial,https://www.worldaquatics.com/competitions/5/olympic-games-tokyo-2020/athletes,Historical official-event participation evidence; lower-bound activity record.
SWIMMING,游泳 (Swimming),2,2020 Olympic swimming,SYC,Seychelles,Africa,Eastern Africa,noc,active,partial,https://www.worldaquatics.com/competitions/5/olympic-games-tokyo-2020/athletes,Historical official-event participation evidence; lower-bound activity record.
SWIMMING,游泳 (Swimming),2,2020 Olympic swimming,SYR,Syria,Asia,Western Asia,noc,active,partial,https://www.worldaquatics.com/competitions/5/olympic-games-tokyo-2020/athletes,Historical official-event participation evidence; lower-bound activity record.
SWIMMING,游泳 (Swimming),2,2020 Olympic swimming,TGO,Togo,Africa,Western Africa,noc,active,partial,https://www.worldaquatics.com/competitions/5/olympic-games-tokyo-2020/athletes,Historical official-event participation evidence; lower-bound activity record.
SWIMMING,游泳 (Swimming),2,2020 Olympic swimming,THA,Thailand,Asia,South-Eastern Asia,noc,active,partial,https://www.worldaquatics.com/competitions/5/olympic-games-tokyo-2020/athletes,Historical official-event participation evidence; lower-bound activity record.
SWIMMING,游泳 (Swimming),2,2020 Olympic swimming,TJK,Tajikistan,Asia,Central Asia,noc,active,partial,https://www.worldaquatics.com/competitions/5/olympic-games-tokyo-2020/athletes,Historical official-event participation evidence; lower-bound activity record.
SWIMMING,游泳 (Swimming),2,2020 Olympic swimming,TKM,Turkmenistan,Asia,Central Asia,noc,active,partial,https://www.worldaquatics.com/competitions/5/olympic-games-tokyo-2020/athletes,Historical official-event participation evidence; lower-bound activity record.
SWIMMING,游泳 (Swimming),2,2020 Olympic swimming,TLS,Timor-Leste,Asia,South-Eastern Asia,noc,active,partial,https://www.worldaquatics.com/competitions/5/olympic-games-tokyo-2020/athletes,Historical official-event participation evidence; lower-bound activity record.
SWIMMING,游泳 (Swimming),2,2020 Olympic swimming,TON,Tonga,Oceania,Polynesia,noc,active,partial,https://www.worldaquatics.com/competitions/5/olympic-games-tokyo-2020/athletes,Historical official-event participation evidence; lower-bound activity record.
SWIMMING,游泳 (Swimming),2,2020 Olympic swimming,TTO,Trinidad and Tobago,Americas,Caribbean,noc,active,partial,https://www.worldaquatics.com/competitions/5/olympic-games-tokyo-2020/athletes,Historical official-event participation evidence; lower-bound activity record.
SWIMMING,游泳 (Swimming),2,2020 Olympic swimming,TUN,Tunisia,Africa,Northern Africa,noc,active,partial,https://www.worldaquatics.com/competitions/5/olympic-games-tokyo-2020/athletes,Historical official-event participation evidence; lower-bound activity record.
SWIMMING,游泳 (Swimming),2,2020 Olympic swimming,TUR,Türkiye,Asia,Western Asia,noc,active,partial,https://www.worldaquatics.com/competitions/5/olympic-games-tokyo-2020/athletes,Historical official-event participation evidence; lower-bound activity record.
SWIMMING,游泳 (Swimming),2,2020 Olympic swimming,TWN,Taiwan,Asia,Eastern Asia,noc,active,partial,https://www.worldaquatics.com/competitions/5/olympic-games-tokyo-2020/athletes,Historical official-event participation evidence; lower-bound activity record.
SWIMMING,游泳 (Swimming),2,2020 Olympic swimming,TZA,Tanzania,Africa,Eastern Africa,noc,active,partial,https://www.worldaquatics.com/competitions/5/olympic-games-tokyo-2020/athletes,Historical official-event participation evidence; lower-bound activity record.
SWIMMING,游泳 (Swimming),2,2020 Olympic swimming,UGA,Uganda,Africa,Eastern Africa,noc,active,partial,https://www.worldaquatics.com/competitions/5/olympic-games-tokyo-2020/athletes,Historical official-event participation evidence; lower-bound activity record.
SWIMMING,游泳 (Swimming),2,2020 Olympic swimming,UKR,Ukraine,Europe,Eastern Europe,noc,active,partial,https://www.worldaquatics.com/competitions/5/olympic-games-tokyo-2020/athletes,Historical official-event participation evidence; lower-bound activity record.
SWIMMING,游泳 (Swimming),2,2020 Olympic swimming,UNK,Kosovo,Europe,Southeast Europe,noc,active,partial,https://www.worldaquatics.com/competitions/5/olympic-games-tokyo-2020/athletes,Historical official-event participation evidence; lower-bound activity record.
SWIMMING,游泳 (Swimming),2,2020 Olympic swimming,URY,Uruguay,Americas,South America,noc,active,partial,https://www.worldaquatics.com/competitions/5/olympic-games-tokyo-2020/athletes,Historical official-event participation evidence; lower-bound activity record.
SWIMMING,游泳 (Swimming),2,2020 Olympic swimming,USA,United States,Americas,North America,noc,active,partial,https://www.worldaquatics.com/competitions/5/olympic-games-tokyo-2020/athletes,Historical official-event participation evidence; lower-bound activity record.
SWIMMING,游泳 (Swimming),2,2020 Olympic swimming,UZB,Uzbekistan,Asia,Central Asia,noc,active,partial,https://www.worldaquatics.com/competitions/5/olympic-games-tokyo-2020/athletes,Historical official-event participation evidence; lower-bound activity record.
SWIMMING,游泳 (Swimming),2,2020 Olympic swimming,VCT,Saint Vincent and the Grenadines,Americas,Caribbean,noc,active,partial,https://www.worldaquatics.com/competitions/5/olympic-games-tokyo-2020/athletes,Historical official-event participation evidence; lower-bound activity record.
SWIMMING,游泳 (Swimming),2,2020 Olympic swimming,VEN,Venezuela,Americas,South America,noc,active,partial,https://www.worldaquatics.com/competitions/5/olympic-games-tokyo-2020/athletes,Historical official-event participation evidence; lower-bound activity record.
SWIMMING,游泳 (Swimming),2,2020 Olympic swimming,VIR,United States Virgin Islands,Americas,Caribbean,noc,active,partial,https://www.worldaquatics.com/competitions/5/olympic-games-tokyo-2020/athletes,Historical official-event participation evidence; lower-bound activity record.
SWIMMING,游泳 (Swimming),2,2020 Olympic swimming,VNM,Vietnam,Asia,South-Eastern Asia,noc,active,partial,https://www.worldaquatics.com/competitions/5/olympic-games-tokyo-2020/athletes,Historical official-event participation evidence; lower-bound activity record.
SWIMMING,游泳 (Swimming),2,2020 Olympic swimming,VUT,Vanuatu,Oceania,Melanesia,noc,active,partial,https://www.worldaquatics.com/competitions/5/olympic-games-tokyo-2020/athletes,Historical official-event participation evidence; lower-bound activity record.
SWIMMING,游泳 (Swimming),2,2020 Olympic swimming,WSM,Samoa,Oceania,Polynesia,noc,active,partial,https://www.worldaquatics.com/competitions/5/olympic-games-tokyo-2020/athletes,Historical official-event participation evidence; lower-bound activity record.
SWIMMING,游泳 (Swimming),2,2020 Olympic swimming,YEM,Yemen,Asia,Western Asia,noc,active,partial,https://www.worldaquatics.com/competitions/5/olympic-games-tokyo-2020/athletes,Historical official-event participation evidence; lower-bound activity record.
SWIMMING,游泳 (Swimming),2,2020 Olympic swimming,ZAF,South Africa,Africa,Southern Africa,noc,active,partial,https://www.worldaquatics.com/competitions/5/olympic-games-tokyo-2020/athletes,Historical official-event participation evidence; lower-bound activity record.
SWIMMING,游泳 (Swimming),2,2020 Olympic swimming,ZMB,Zambia,Africa,Eastern Africa,noc,active,partial,https://www.worldaquatics.com/competitions/5/olympic-games-tokyo-2020/athletes,Historical official-event participation evidence; lower-bound activity record.
SWIMMING,游泳 (Swimming),2,2020 Olympic swimming,ZWE,Zimbabwe,Africa,Eastern Africa,noc,active,partial,https://www.worldaquatics.com/competitions/5/olympic-games-tokyo-2020/athletes,Historical official-event participation evidence; lower-bound activity record.
SWIMMING,游泳 (Swimming),3,2024-2025 World Aquatics membership/practice proxy,ABW,Aruba,Americas,Caribbean,if_member,active,partial,https://www.worldaquatics.com/members/national-federations,"Current IF membership/association proxy for practising; partial coverage, not a claim of complete player registrations."
SWIMMING,游泳 (Swimming),3,2024-2025 World Aquatics membership/practice proxy,AFG,Afghanistan,Asia,Southern Asia,if_member,active,partial,https://www.worldaquatics.com/members/national-federations,"Current IF membership/association proxy for practising; partial coverage, not a claim of complete player registrations."
SWIMMING,游泳 (Swimming),3,2024-2025 World Aquatics membership/practice proxy,AGO,Angola,Africa,Middle Africa,if_member,active,partial,https://www.worldaquatics.com/members/national-federations,"Current IF membership/association proxy for practising; partial coverage, not a claim of complete player registrations."
SWIMMING,游泳 (Swimming),3,2024-2025 World Aquatics membership/practice proxy,AIA,Anguilla,Americas,Caribbean,if_member,active,partial,https://www.worldaquatics.com/members/national-federations,"Current IF membership/association proxy for practising; partial coverage, not a claim of complete player registrations."
SWIMMING,游泳 (Swimming),3,2024-2025 World Aquatics membership/practice proxy,ALB,Albania,Europe,Southeast Europe,if_member,active,partial,https://www.worldaquatics.com/members/national-federations,"Current IF membership/association proxy for practising; partial coverage, not a claim of complete player registrations."
SWIMMING,游泳 (Swimming),3,2024-2025 World Aquatics membership/practice proxy,AND,Andorra,Europe,Southern Europe,if_member,active,partial,https://www.worldaquatics.com/members/national-federations,"Current IF membership/association proxy for practising; partial coverage, not a claim of complete player registrations."
SWIMMING,游泳 (Swimming),3,2024-2025 World Aquatics membership/practice proxy,ARE,United Arab Emirates,Asia,Western Asia,if_member,active,partial,https://www.worldaquatics.com/members/national-federations,"Current IF membership/association proxy for practising; partial coverage, not a claim of complete player registrations."
SWIMMING,游泳 (Swimming),3,2024-2025 World Aquatics membership/practice proxy,ARG,Argentina,Americas,South America,if_member,active,partial,https://www.worldaquatics.com/members/national-federations,"Current IF membership/association proxy for practising; partial coverage, not a claim of complete player registrations."
SWIMMING,游泳 (Swimming),3,2024-2025 World Aquatics membership/practice proxy,ARM,Armenia,Asia,Western Asia,if_member,active,partial,https://www.worldaquatics.com/members/national-federations,"Current IF membership/association proxy for practising; partial coverage, not a claim of complete player registrations."
SWIMMING,游泳 (Swimming),3,2024-2025 World Aquatics membership/practice proxy,ASM,American Samoa,Oceania,Polynesia,if_member,active,partial,https://www.worldaquatics.com/members/national-federations,"Current IF membership/association proxy for practising; partial coverage, not a claim of complete player registrations."
SWIMMING,游泳 (Swimming),3,2024-2025 World Aquatics membership/practice proxy,ATG,Antigua and Barbuda,Americas,Caribbean,if_member,active,partial,https://www.worldaquatics.com/members/national-federations,"Current IF membership/association proxy for practising; partial coverage, not a claim of complete player registrations."
SWIMMING,游泳 (Swimming),3,2024-2025 World Aquatics membership/practice proxy,AUS,Australia,Oceania,Australia and New Zealand,if_member,active,partial,https://www.worldaquatics.com/members/national-federations,"Current IF membership/association proxy for practising; partial coverage, not a claim of complete player registrations."
SWIMMING,游泳 (Swimming),3,2024-2025 World Aquatics membership/practice proxy,AUT,Austria,Europe,Central Europe,if_member,active,partial,https://www.worldaquatics.com/members/national-federations,"Current IF membership/association proxy for practising; partial coverage, not a claim of complete player registrations."
SWIMMING,游泳 (Swimming),3,2024-2025 World Aquatics membership/practice proxy,AZE,Azerbaijan,Asia,Western Asia,if_member,active,partial,https://www.worldaquatics.com/members/national-federations,"Current IF membership/association proxy for practising; partial coverage, not a claim of complete player registrations."
SWIMMING,游泳 (Swimming),3,2024-2025 World Aquatics membership/practice proxy,BDI,Burundi,Africa,Eastern Africa,if_member,active,partial,https://www.worldaquatics.com/members/national-federations,"Current IF membership/association proxy for practising; partial coverage, not a claim of complete player registrations."
SWIMMING,游泳 (Swimming),3,2024-2025 World Aquatics membership/practice proxy,BEL,Belgium,Europe,Western Europe,if_member,active,partial,https://www.worldaquatics.com/members/national-federations,"Current IF membership/association proxy for practising; partial coverage, not a claim of complete player registrations."
SWIMMING,游泳 (Swimming),3,2024-2025 World Aquatics membership/practice proxy,BEN,Benin,Africa,Western Africa,if_member,active,partial,https://www.worldaquatics.com/members/national-federations,"Current IF membership/association proxy for practising; partial coverage, not a claim of complete player registrations."
SWIMMING,游泳 (Swimming),3,2024-2025 World Aquatics membership/practice proxy,BFA,Burkina Faso,Africa,Western Africa,if_member,active,partial,https://www.worldaquatics.com/members/national-federations,"Current IF membership/association proxy for practising; partial coverage, not a claim of complete player registrations."
SWIMMING,游泳 (Swimming),3,2024-2025 World Aquatics membership/practice proxy,BGD,Bangladesh,Asia,Southern Asia,if_member,active,partial,https://www.worldaquatics.com/members/national-federations,"Current IF membership/association proxy for practising; partial coverage, not a claim of complete player registrations."
SWIMMING,游泳 (Swimming),3,2024-2025 World Aquatics membership/practice proxy,BGR,Bulgaria,Europe,Southeast Europe,if_member,active,partial,https://www.worldaquatics.com/members/national-federations,"Current IF membership/association proxy for practising; partial coverage, not a claim of complete player registrations."
SWIMMING,游泳 (Swimming),3,2024-2025 World Aquatics membership/practice proxy,BHR,Bahrain,Asia,Western Asia,if_member,active,partial,https://www.worldaquatics.com/members/national-federations,"Current IF membership/association proxy for practising; partial coverage, not a claim of complete player registrations."
SWIMMING,游泳 (Swimming),3,2024-2025 World Aquatics membership/practice proxy,BHS,Bahamas,Americas,Caribbean,if_member,active,partial,https://www.worldaquatics.com/members/national-federations,"Current IF membership/association proxy for practising; partial coverage, not a claim of complete player registrations."
SWIMMING,游泳 (Swimming),3,2024-2025 World Aquatics membership/practice proxy,BIH,Bosnia and Herzegovina,Europe,Southeast Europe,if_member,active,partial,https://www.worldaquatics.com/members/national-federations,"Current IF membership/association proxy for practising; partial coverage, not a claim of complete player registrations."
SWIMMING,游泳 (Swimming),3,2024-2025 World Aquatics membership/practice proxy,BLR,Belarus,Europe,Eastern Europe,if_member,active,partial,https://www.worldaquatics.com/members/national-federations,"Current IF membership/association proxy for practising; partial coverage, not a claim of complete player registrations."
SWIMMING,游泳 (Swimming),3,2024-2025 World Aquatics membership/practice proxy,BLZ,Belize,Americas,Central America,if_member,active,partial,https://www.worldaquatics.com/members/national-federations,"Current IF membership/association proxy for practising; partial coverage, not a claim of complete player registrations."
SWIMMING,游泳 (Swimming),3,2024-2025 World Aquatics membership/practice proxy,BMU,Bermuda,Americas,North America,if_member,active,partial,https://www.worldaquatics.com/members/national-federations,"Current IF membership/association proxy for practising; partial coverage, not a claim of complete player registrations."
SWIMMING,游泳 (Swimming),3,2024-2025 World Aquatics membership/practice proxy,BOL,Bolivia,Americas,South America,if_member,active,partial,https://www.worldaquatics.com/members/national-federations,"Current IF membership/association proxy for practising; partial coverage, not a claim of complete player registrations."
SWIMMING,游泳 (Swimming),3,2024-2025 World Aquatics membership/practice proxy,BRA,Brazil,Americas,South America,if_member,active,partial,https://www.worldaquatics.com/members/national-federations,"Current IF membership/association proxy for practising; partial coverage, not a claim of complete player registrations."
SWIMMING,游泳 (Swimming),3,2024-2025 World Aquatics membership/practice proxy,BRB,Barbados,Americas,Caribbean,if_member,active,partial,https://www.worldaquatics.com/members/national-federations,"Current IF membership/association proxy for practising; partial coverage, not a claim of complete player registrations."
SWIMMING,游泳 (Swimming),3,2024-2025 World Aquatics membership/practice proxy,BRN,Brunei,Asia,South-Eastern Asia,if_member,active,partial,https://www.worldaquatics.com/members/national-federations,"Current IF membership/association proxy for practising; partial coverage, not a claim of complete player registrations."
SWIMMING,游泳 (Swimming),3,2024-2025 World Aquatics membership/practice proxy,BTN,Bhutan,Asia,Southern Asia,if_member,active,partial,https://www.worldaquatics.com/members/national-federations,"Current IF membership/association proxy for practising; partial coverage, not a claim of complete player registrations."
SWIMMING,游泳 (Swimming),3,2024-2025 World Aquatics membership/practice proxy,BWA,Botswana,Africa,Southern Africa,if_member,active,partial,https://www.worldaquatics.com/members/national-federations,"Current IF membership/association proxy for practising; partial coverage, not a claim of complete player registrations."
SWIMMING,游泳 (Swimming),3,2024-2025 World Aquatics membership/practice proxy,CAF,Central African Republic,Africa,Middle Africa,if_member,active,partial,https://www.worldaquatics.com/members/national-federations,"Current IF membership/association proxy for practising; partial coverage, not a claim of complete player registrations."
SWIMMING,游泳 (Swimming),3,2024-2025 World Aquatics membership/practice proxy,CAN,Canada,Americas,North America,if_member,active,partial,https://www.worldaquatics.com/members/national-federations,"Current IF membership/association proxy for practising; partial coverage, not a claim of complete player registrations."
SWIMMING,游泳 (Swimming),3,2024-2025 World Aquatics membership/practice proxy,CHE,Switzerland,Europe,Western Europe,if_member,active,partial,https://www.worldaquatics.com/members/national-federations,"Current IF membership/association proxy for practising; partial coverage, not a claim of complete player registrations."
SWIMMING,游泳 (Swimming),3,2024-2025 World Aquatics membership/practice proxy,CHL,Chile,Americas,South America,if_member,active,partial,https://www.worldaquatics.com/members/national-federations,"Current IF membership/association proxy for practising; partial coverage, not a claim of complete player registrations."
SWIMMING,游泳 (Swimming),3,2024-2025 World Aquatics membership/practice proxy,CHN,China,Asia,Eastern Asia,if_member,active,partial,https://www.worldaquatics.com/members/national-federations,"Current IF membership/association proxy for practising; partial coverage, not a claim of complete player registrations."
SWIMMING,游泳 (Swimming),3,2024-2025 World Aquatics membership/practice proxy,CIV,Ivory Coast,Africa,Western Africa,if_member,active,partial,https://www.worldaquatics.com/members/national-federations,"Current IF membership/association proxy for practising; partial coverage, not a claim of complete player registrations."
SWIMMING,游泳 (Swimming),3,2024-2025 World Aquatics membership/practice proxy,CMR,Cameroon,Africa,Middle Africa,if_member,active,partial,https://www.worldaquatics.com/members/national-federations,"Current IF membership/association proxy for practising; partial coverage, not a claim of complete player registrations."
SWIMMING,游泳 (Swimming),3,2024-2025 World Aquatics membership/practice proxy,COD,DR Congo,Africa,Middle Africa,if_member,active,partial,https://www.worldaquatics.com/members/national-federations,"Current IF membership/association proxy for practising; partial coverage, not a claim of complete player registrations."
SWIMMING,游泳 (Swimming),3,2024-2025 World Aquatics membership/practice proxy,COG,Congo,Africa,Middle Africa,if_member,active,partial,https://www.worldaquatics.com/members/national-federations,"Current IF membership/association proxy for practising; partial coverage, not a claim of complete player registrations."
SWIMMING,游泳 (Swimming),3,2024-2025 World Aquatics membership/practice proxy,COK,Cook Islands,Oceania,Polynesia,if_member,active,partial,https://www.worldaquatics.com/members/national-federations,"Current IF membership/association proxy for practising; partial coverage, not a claim of complete player registrations."
SWIMMING,游泳 (Swimming),3,2024-2025 World Aquatics membership/practice proxy,COL,Colombia,Americas,South America,if_member,active,partial,https://www.worldaquatics.com/members/national-federations,"Current IF membership/association proxy for practising; partial coverage, not a claim of complete player registrations."
SWIMMING,游泳 (Swimming),3,2024-2025 World Aquatics membership/practice proxy,COM,Comoros,Africa,Eastern Africa,if_member,active,partial,https://www.worldaquatics.com/members/national-federations,"Current IF membership/association proxy for practising; partial coverage, not a claim of complete player registrations."
SWIMMING,游泳 (Swimming),3,2024-2025 World Aquatics membership/practice proxy,CPV,Cape Verde,Africa,Western Africa,if_member,active,partial,https://www.worldaquatics.com/members/national-federations,"Current IF membership/association proxy for practising; partial coverage, not a claim of complete player registrations."
SWIMMING,游泳 (Swimming),3,2024-2025 World Aquatics membership/practice proxy,CRI,Costa Rica,Americas,Central America,if_member,active,partial,https://www.worldaquatics.com/members/national-federations,"Current IF membership/association proxy for practising; partial coverage, not a claim of complete player registrations."
SWIMMING,游泳 (Swimming),3,2024-2025 World Aquatics membership/practice proxy,CUB,Cuba,Americas,Caribbean,if_member,active,partial,https://www.worldaquatics.com/members/national-federations,"Current IF membership/association proxy for practising; partial coverage, not a claim of complete player registrations."
SWIMMING,游泳 (Swimming),3,2024-2025 World Aquatics membership/practice proxy,CUW,Curaçao,Americas,Caribbean,if_member,active,partial,https://www.worldaquatics.com/members/national-federations,"Current IF membership/association proxy for practising; partial coverage, not a claim of complete player registrations."
SWIMMING,游泳 (Swimming),3,2024-2025 World Aquatics membership/practice proxy,CYM,Cayman Islands,Americas,Caribbean,if_member,active,partial,https://www.worldaquatics.com/members/national-federations,"Current IF membership/association proxy for practising; partial coverage, not a claim of complete player registrations."
SWIMMING,游泳 (Swimming),3,2024-2025 World Aquatics membership/practice proxy,CYP,Cyprus,Europe,Southern Europe,if_member,active,partial,https://www.worldaquatics.com/members/national-federations,"Current IF membership/association proxy for practising; partial coverage, not a claim of complete player registrations."
SWIMMING,游泳 (Swimming),3,2024-2025 World Aquatics membership/practice proxy,CZE,Czechia,Europe,Central Europe,if_member,active,partial,https://www.worldaquatics.com/members/national-federations,"Current IF membership/association proxy for practising; partial coverage, not a claim of complete player registrations."
SWIMMING,游泳 (Swimming),3,2024-2025 World Aquatics membership/practice proxy,DEU,Germany,Europe,Western Europe,if_member,active,partial,https://www.worldaquatics.com/members/national-federations,"Current IF membership/association proxy for practising; partial coverage, not a claim of complete player registrations."
SWIMMING,游泳 (Swimming),3,2024-2025 World Aquatics membership/practice proxy,DJI,Djibouti,Africa,Eastern Africa,if_member,active,partial,https://www.worldaquatics.com/members/national-federations,"Current IF membership/association proxy for practising; partial coverage, not a claim of complete player registrations."
SWIMMING,游泳 (Swimming),3,2024-2025 World Aquatics membership/practice proxy,DMA,Dominica,Americas,Caribbean,if_member,active,partial,https://www.worldaquatics.com/members/national-federations,"Current IF membership/association proxy for practising; partial coverage, not a claim of complete player registrations."
SWIMMING,游泳 (Swimming),3,2024-2025 World Aquatics membership/practice proxy,DNK,Denmark,Europe,Northern Europe,if_member,active,partial,https://www.worldaquatics.com/members/national-federations,"Current IF membership/association proxy for practising; partial coverage, not a claim of complete player registrations."
SWIMMING,游泳 (Swimming),3,2024-2025 World Aquatics membership/practice proxy,DOM,Dominican Republic,Americas,Caribbean,if_member,active,partial,https://www.worldaquatics.com/members/national-federations,"Current IF membership/association proxy for practising; partial coverage, not a claim of complete player registrations."
SWIMMING,游泳 (Swimming),3,2024-2025 World Aquatics membership/practice proxy,DZA,Algeria,Africa,Northern Africa,if_member,active,partial,https://www.worldaquatics.com/members/national-federations,"Current IF membership/association proxy for practising; partial coverage, not a claim of complete player registrations."
SWIMMING,游泳 (Swimming),3,2024-2025 World Aquatics membership/practice proxy,ECU,Ecuador,Americas,South America,if_member,active,partial,https://www.worldaquatics.com/members/national-federations,"Current IF membership/association proxy for practising; partial coverage, not a claim of complete player registrations."
SWIMMING,游泳 (Swimming),3,2024-2025 World Aquatics membership/practice proxy,EGY,Egypt,Africa,Northern Africa,if_member,active,partial,https://www.worldaquatics.com/members/national-federations,"Current IF membership/association proxy for practising; partial coverage, not a claim of complete player registrations."
SWIMMING,游泳 (Swimming),3,2024-2025 World Aquatics membership/practice proxy,ERI,Eritrea,Africa,Eastern Africa,if_member,active,partial,https://www.worldaquatics.com/members/national-federations,"Current IF membership/association proxy for practising; partial coverage, not a claim of complete player registrations."
SWIMMING,游泳 (Swimming),3,2024-2025 World Aquatics membership/practice proxy,ESP,Spain,Europe,Southern Europe,if_member,active,partial,https://www.worldaquatics.com/members/national-federations,"Current IF membership/association proxy for practising; partial coverage, not a claim of complete player registrations."
SWIMMING,游泳 (Swimming),3,2024-2025 World Aquatics membership/practice proxy,EST,Estonia,Europe,Northern Europe,if_member,active,partial,https://www.worldaquatics.com/members/national-federations,"Current IF membership/association proxy for practising; partial coverage, not a claim of complete player registrations."
SWIMMING,游泳 (Swimming),3,2024-2025 World Aquatics membership/practice proxy,ETH,Ethiopia,Africa,Eastern Africa,if_member,active,partial,https://www.worldaquatics.com/members/national-federations,"Current IF membership/association proxy for practising; partial coverage, not a claim of complete player registrations."
SWIMMING,游泳 (Swimming),3,2024-2025 World Aquatics membership/practice proxy,FIN,Finland,Europe,Northern Europe,if_member,active,partial,https://www.worldaquatics.com/members/national-federations,"Current IF membership/association proxy for practising; partial coverage, not a claim of complete player registrations."
SWIMMING,游泳 (Swimming),3,2024-2025 World Aquatics membership/practice proxy,FJI,Fiji,Oceania,Melanesia,if_member,active,partial,https://www.worldaquatics.com/members/national-federations,"Current IF membership/association proxy for practising; partial coverage, not a claim of complete player registrations."
SWIMMING,游泳 (Swimming),3,2024-2025 World Aquatics membership/practice proxy,FRA,France,Europe,Western Europe,if_member,active,partial,https://www.worldaquatics.com/members/national-federations,"Current IF membership/association proxy for practising; partial coverage, not a claim of complete player registrations."
SWIMMING,游泳 (Swimming),3,2024-2025 World Aquatics membership/practice proxy,FRO,Faroe Islands,Europe,Northern Europe,if_member,active,partial,https://www.worldaquatics.com/members/national-federations,"Current IF membership/association proxy for practising; partial coverage, not a claim of complete player registrations."
SWIMMING,游泳 (Swimming),3,2024-2025 World Aquatics membership/practice proxy,FSM,Micronesia,Oceania,Micronesia,if_member,active,partial,https://www.worldaquatics.com/members/national-federations,"Current IF membership/association proxy for practising; partial coverage, not a claim of complete player registrations."
SWIMMING,游泳 (Swimming),3,2024-2025 World Aquatics membership/practice proxy,GAB,Gabon,Africa,Middle Africa,if_member,active,partial,https://www.worldaquatics.com/members/national-federations,"Current IF membership/association proxy for practising; partial coverage, not a claim of complete player registrations."
SWIMMING,游泳 (Swimming),3,2024-2025 World Aquatics membership/practice proxy,GBR,United Kingdom,Europe,Northern Europe,if_member,active,partial,https://www.worldaquatics.com/members/national-federations,"Current IF membership/association proxy for practising; partial coverage, not a claim of complete player registrations."
SWIMMING,游泳 (Swimming),3,2024-2025 World Aquatics membership/practice proxy,GEO,Georgia,Asia,Western Asia,if_member,active,partial,https://www.worldaquatics.com/members/national-federations,"Current IF membership/association proxy for practising; partial coverage, not a claim of complete player registrations."
SWIMMING,游泳 (Swimming),3,2024-2025 World Aquatics membership/practice proxy,GHA,Ghana,Africa,Western Africa,if_member,active,partial,https://www.worldaquatics.com/members/national-federations,"Current IF membership/association proxy for practising; partial coverage, not a claim of complete player registrations."
SWIMMING,游泳 (Swimming),3,2024-2025 World Aquatics membership/practice proxy,GIB,Gibraltar,Europe,Southern Europe,if_member,active,partial,https://www.worldaquatics.com/members/national-federations,"Current IF membership/association proxy for practising; partial coverage, not a claim of complete player registrations."
SWIMMING,游泳 (Swimming),3,2024-2025 World Aquatics membership/practice proxy,GIN,Guinea,Africa,Western Africa,if_member,active,partial,https://www.worldaquatics.com/members/national-federations,"Current IF membership/association proxy for practising; partial coverage, not a claim of complete player registrations."
SWIMMING,游泳 (Swimming),3,2024-2025 World Aquatics membership/practice proxy,GMB,Gambia,Africa,Western Africa,if_member,active,partial,https://www.worldaquatics.com/members/national-federations,"Current IF membership/association proxy for practising; partial coverage, not a claim of complete player registrations."
SWIMMING,游泳 (Swimming),3,2024-2025 World Aquatics membership/practice proxy,GNB,Guinea-Bissau,Africa,Western Africa,if_member,active,partial,https://www.worldaquatics.com/members/national-federations,"Current IF membership/association proxy for practising; partial coverage, not a claim of complete player registrations."
SWIMMING,游泳 (Swimming),3,2024-2025 World Aquatics membership/practice proxy,GNQ,Equatorial Guinea,Africa,Middle Africa,if_member,active,partial,https://www.worldaquatics.com/members/national-federations,"Current IF membership/association proxy for practising; partial coverage, not a claim of complete player registrations."
SWIMMING,游泳 (Swimming),3,2024-2025 World Aquatics membership/practice proxy,GRC,Greece,Europe,Southern Europe,if_member,active,partial,https://www.worldaquatics.com/members/national-federations,"Current IF membership/association proxy for practising; partial coverage, not a claim of complete player registrations."
SWIMMING,游泳 (Swimming),3,2024-2025 World Aquatics membership/practice proxy,GRD,Grenada,Americas,Caribbean,if_member,active,partial,https://www.worldaquatics.com/members/national-federations,"Current IF membership/association proxy for practising; partial coverage, not a claim of complete player registrations."
SWIMMING,游泳 (Swimming),3,2024-2025 World Aquatics membership/practice proxy,GTM,Guatemala,Americas,Central America,if_member,active,partial,https://www.worldaquatics.com/members/national-federations,"Current IF membership/association proxy for practising; partial coverage, not a claim of complete player registrations."
SWIMMING,游泳 (Swimming),3,2024-2025 World Aquatics membership/practice proxy,GUF,French Guiana,Americas,South America,if_member,active,partial,https://www.worldaquatics.com/members/national-federations,"Current IF membership/association proxy for practising; partial coverage, not a claim of complete player registrations."
SWIMMING,游泳 (Swimming),3,2024-2025 World Aquatics membership/practice proxy,GUM,Guam,Oceania,Micronesia,if_member,active,partial,https://www.worldaquatics.com/members/national-federations,"Current IF membership/association proxy for practising; partial coverage, not a claim of complete player registrations."
SWIMMING,游泳 (Swimming),3,2024-2025 World Aquatics membership/practice proxy,GUY,Guyana,Americas,South America,noc,active,partial,https://www.worldaquatics.com/news/4055111/swimming-paris-2024-olympic-games-confirmed-athletes-entries,"Current IF membership/association proxy for practising; partial coverage, not a claim of complete player registrations."
SWIMMING,游泳 (Swimming),3,2024-2025 World Aquatics membership/practice proxy,HKG,Hong Kong,Asia,Eastern Asia,if_member,active,partial,https://www.worldaquatics.com/members/national-federations,"Current IF membership/association proxy for practising; partial coverage, not a claim of complete player registrations."
SWIMMING,游泳 (Swimming),3,2024-2025 World Aquatics membership/practice proxy,HND,Honduras,Americas,Central America,if_member,active,partial,https://www.worldaquatics.com/members/national-federations,"Current IF membership/association proxy for practising; partial coverage, not a claim of complete player registrations."
SWIMMING,游泳 (Swimming),3,2024-2025 World Aquatics membership/practice proxy,HRV,Croatia,Europe,Southeast Europe,if_member,active,partial,https://www.worldaquatics.com/members/national-federations,"Current IF membership/association proxy for practising; partial coverage, not a claim of complete player registrations."
SWIMMING,游泳 (Swimming),3,2024-2025 World Aquatics membership/practice proxy,HTI,Haiti,Americas,Caribbean,if_member,active,partial,https://www.worldaquatics.com/members/national-federations,"Current IF membership/association proxy for practising; partial coverage, not a claim of complete player registrations."
SWIMMING,游泳 (Swimming),3,2024-2025 World Aquatics membership/practice proxy,HUN,Hungary,Europe,Central Europe,if_member,active,partial,https://www.worldaquatics.com/members/national-federations,"Current IF membership/association proxy for practising; partial coverage, not a claim of complete player registrations."
SWIMMING,游泳 (Swimming),3,2024-2025 World Aquatics membership/practice proxy,IDN,Indonesia,Asia,South-Eastern Asia,if_member,active,partial,https://www.worldaquatics.com/members/national-federations,"Current IF membership/association proxy for practising; partial coverage, not a claim of complete player registrations."
SWIMMING,游泳 (Swimming),3,2024-2025 World Aquatics membership/practice proxy,IND,India,Asia,Southern Asia,if_member,active,partial,https://www.worldaquatics.com/members/national-federations,"Current IF membership/association proxy for practising; partial coverage, not a claim of complete player registrations."
SWIMMING,游泳 (Swimming),3,2024-2025 World Aquatics membership/practice proxy,IRL,Ireland,Europe,Northern Europe,if_member,active,partial,https://www.worldaquatics.com/members/national-federations,"Current IF membership/association proxy for practising; partial coverage, not a claim of complete player registrations."
SWIMMING,游泳 (Swimming),3,2024-2025 World Aquatics membership/practice proxy,IRN,Iran,Asia,Southern Asia,if_member,active,partial,https://www.worldaquatics.com/members/national-federations,"Current IF membership/association proxy for practising; partial coverage, not a claim of complete player registrations."
SWIMMING,游泳 (Swimming),3,2024-2025 World Aquatics membership/practice proxy,IRQ,Iraq,Asia,Western Asia,if_member,active,partial,https://www.worldaquatics.com/members/national-federations,"Current IF membership/association proxy for practising; partial coverage, not a claim of complete player registrations."
SWIMMING,游泳 (Swimming),3,2024-2025 World Aquatics membership/practice proxy,ISL,Iceland,Europe,Northern Europe,if_member,active,partial,https://www.worldaquatics.com/members/national-federations,"Current IF membership/association proxy for practising; partial coverage, not a claim of complete player registrations."
SWIMMING,游泳 (Swimming),3,2024-2025 World Aquatics membership/practice proxy,ISR,Israel,Asia,Western Asia,if_member,active,partial,https://www.worldaquatics.com/members/national-federations,"Current IF membership/association proxy for practising; partial coverage, not a claim of complete player registrations."
SWIMMING,游泳 (Swimming),3,2024-2025 World Aquatics membership/practice proxy,ITA,Italy,Europe,Southern Europe,if_member,active,partial,https://www.worldaquatics.com/members/national-federations,"Current IF membership/association proxy for practising; partial coverage, not a claim of complete player registrations."
SWIMMING,游泳 (Swimming),3,2024-2025 World Aquatics membership/practice proxy,JAM,Jamaica,Americas,Caribbean,if_member,active,partial,https://www.worldaquatics.com/members/national-federations,"Current IF membership/association proxy for practising; partial coverage, not a claim of complete player registrations."
SWIMMING,游泳 (Swimming),3,2024-2025 World Aquatics membership/practice proxy,JOR,Jordan,Asia,Western Asia,if_member,active,partial,https://www.worldaquatics.com/members/national-federations,"Current IF membership/association proxy for practising; partial coverage, not a claim of complete player registrations."
SWIMMING,游泳 (Swimming),3,2024-2025 World Aquatics membership/practice proxy,JPN,Japan,Asia,Eastern Asia,if_member,active,partial,https://www.worldaquatics.com/members/national-federations,"Current IF membership/association proxy for practising; partial coverage, not a claim of complete player registrations."
SWIMMING,游泳 (Swimming),3,2024-2025 World Aquatics membership/practice proxy,KAZ,Kazakhstan,Asia,Central Asia,if_member,active,partial,https://www.worldaquatics.com/members/national-federations,"Current IF membership/association proxy for practising; partial coverage, not a claim of complete player registrations."
SWIMMING,游泳 (Swimming),3,2024-2025 World Aquatics membership/practice proxy,KEN,Kenya,Africa,Eastern Africa,if_member,active,partial,https://www.worldaquatics.com/members/national-federations,"Current IF membership/association proxy for practising; partial coverage, not a claim of complete player registrations."
SWIMMING,游泳 (Swimming),3,2024-2025 World Aquatics membership/practice proxy,KGZ,Kyrgyzstan,Asia,Central Asia,if_member,active,partial,https://www.worldaquatics.com/members/national-federations,"Current IF membership/association proxy for practising; partial coverage, not a claim of complete player registrations."
SWIMMING,游泳 (Swimming),3,2024-2025 World Aquatics membership/practice proxy,KHM,Cambodia,Asia,South-Eastern Asia,if_member,active,partial,https://www.worldaquatics.com/members/national-federations,"Current IF membership/association proxy for practising; partial coverage, not a claim of complete player registrations."
SWIMMING,游泳 (Swimming),3,2024-2025 World Aquatics membership/practice proxy,KNA,Saint Kitts and Nevis,Americas,Caribbean,if_member,active,partial,https://www.worldaquatics.com/members/national-federations,"Current IF membership/association proxy for practising; partial coverage, not a claim of complete player registrations."
SWIMMING,游泳 (Swimming),3,2024-2025 World Aquatics membership/practice proxy,KOR,South Korea,Asia,Eastern Asia,if_member,active,partial,https://www.worldaquatics.com/members/national-federations,"Current IF membership/association proxy for practising; partial coverage, not a claim of complete player registrations."
SWIMMING,游泳 (Swimming),3,2024-2025 World Aquatics membership/practice proxy,KWT,Kuwait,Asia,Western Asia,if_member,active,partial,https://www.worldaquatics.com/members/national-federations,"Current IF membership/association proxy for practising; partial coverage, not a claim of complete player registrations."
SWIMMING,游泳 (Swimming),3,2024-2025 World Aquatics membership/practice proxy,LAO,Laos,Asia,South-Eastern Asia,if_member,active,partial,https://www.worldaquatics.com/members/national-federations,"Current IF membership/association proxy for practising; partial coverage, not a claim of complete player registrations."
SWIMMING,游泳 (Swimming),3,2024-2025 World Aquatics membership/practice proxy,LBN,Lebanon,Asia,Western Asia,if_member,active,partial,https://www.worldaquatics.com/members/national-federations,"Current IF membership/association proxy for practising; partial coverage, not a claim of complete player registrations."
SWIMMING,游泳 (Swimming),3,2024-2025 World Aquatics membership/practice proxy,LBR,Liberia,Africa,Western Africa,if_member,active,partial,https://www.worldaquatics.com/members/national-federations,"Current IF membership/association proxy for practising; partial coverage, not a claim of complete player registrations."
SWIMMING,游泳 (Swimming),3,2024-2025 World Aquatics membership/practice proxy,LBY,Libya,Africa,Northern Africa,if_member,active,partial,https://www.worldaquatics.com/members/national-federations,"Current IF membership/association proxy for practising; partial coverage, not a claim of complete player registrations."
SWIMMING,游泳 (Swimming),3,2024-2025 World Aquatics membership/practice proxy,LCA,Saint Lucia,Americas,Caribbean,if_member,active,partial,https://www.worldaquatics.com/members/national-federations,"Current IF membership/association proxy for practising; partial coverage, not a claim of complete player registrations."
SWIMMING,游泳 (Swimming),3,2024-2025 World Aquatics membership/practice proxy,LIE,Liechtenstein,Europe,Western Europe,if_member,active,partial,https://www.worldaquatics.com/members/national-federations,"Current IF membership/association proxy for practising; partial coverage, not a claim of complete player registrations."
SWIMMING,游泳 (Swimming),3,2024-2025 World Aquatics membership/practice proxy,LKA,Sri Lanka,Asia,Southern Asia,if_member,active,partial,https://www.worldaquatics.com/members/national-federations,"Current IF membership/association proxy for practising; partial coverage, not a claim of complete player registrations."
SWIMMING,游泳 (Swimming),3,2024-2025 World Aquatics membership/practice proxy,LSO,Lesotho,Africa,Southern Africa,if_member,active,partial,https://www.worldaquatics.com/members/national-federations,"Current IF membership/association proxy for practising; partial coverage, not a claim of complete player registrations."
SWIMMING,游泳 (Swimming),3,2024-2025 World Aquatics membership/practice proxy,LTU,Lithuania,Europe,Northern Europe,if_member,active,partial,https://www.worldaquatics.com/members/national-federations,"Current IF membership/association proxy for practising; partial coverage, not a claim of complete player registrations."
SWIMMING,游泳 (Swimming),3,2024-2025 World Aquatics membership/practice proxy,LUX,Luxembourg,Europe,Western Europe,if_member,active,partial,https://www.worldaquatics.com/members/national-federations,"Current IF membership/association proxy for practising; partial coverage, not a claim of complete player registrations."
SWIMMING,游泳 (Swimming),3,2024-2025 World Aquatics membership/practice proxy,LVA,Latvia,Europe,Northern Europe,if_member,active,partial,https://www.worldaquatics.com/members/national-federations,"Current IF membership/association proxy for practising; partial coverage, not a claim of complete player registrations."
SWIMMING,游泳 (Swimming),3,2024-2025 World Aquatics membership/practice proxy,MAC,Macau,Asia,Eastern Asia,if_member,active,partial,https://www.worldaquatics.com/members/national-federations,"Current IF membership/association proxy for practising; partial coverage, not a claim of complete player registrations."
SWIMMING,游泳 (Swimming),3,2024-2025 World Aquatics membership/practice proxy,MAR,Morocco,Africa,Northern Africa,if_member,active,partial,https://www.worldaquatics.com/members/national-federations,"Current IF membership/association proxy for practising; partial coverage, not a claim of complete player registrations."
SWIMMING,游泳 (Swimming),3,2024-2025 World Aquatics membership/practice proxy,MCO,Monaco,Europe,Western Europe,if_member,active,partial,https://www.worldaquatics.com/members/national-federations,"Current IF membership/association proxy for practising; partial coverage, not a claim of complete player registrations."
SWIMMING,游泳 (Swimming),3,2024-2025 World Aquatics membership/practice proxy,MDA,Moldova,Europe,Eastern Europe,if_member,active,partial,https://www.worldaquatics.com/members/national-federations,"Current IF membership/association proxy for practising; partial coverage, not a claim of complete player registrations."
SWIMMING,游泳 (Swimming),3,2024-2025 World Aquatics membership/practice proxy,MDG,Madagascar,Africa,Eastern Africa,if_member,active,partial,https://www.worldaquatics.com/members/national-federations,"Current IF membership/association proxy for practising; partial coverage, not a claim of complete player registrations."
SWIMMING,游泳 (Swimming),3,2024-2025 World Aquatics membership/practice proxy,MDV,Maldives,Asia,Southern Asia,if_member,active,partial,https://www.worldaquatics.com/members/national-federations,"Current IF membership/association proxy for practising; partial coverage, not a claim of complete player registrations."
SWIMMING,游泳 (Swimming),3,2024-2025 World Aquatics membership/practice proxy,MEX,Mexico,Americas,North America,if_member,active,partial,https://www.worldaquatics.com/members/national-federations,"Current IF membership/association proxy for practising; partial coverage, not a claim of complete player registrations."
SWIMMING,游泳 (Swimming),3,2024-2025 World Aquatics membership/practice proxy,MHL,Marshall Islands,Oceania,Micronesia,if_member,active,partial,https://www.worldaquatics.com/members/national-federations,"Current IF membership/association proxy for practising; partial coverage, not a claim of complete player registrations."
SWIMMING,游泳 (Swimming),3,2024-2025 World Aquatics membership/practice proxy,MKD,North Macedonia,Europe,Southeast Europe,if_member,active,partial,https://www.worldaquatics.com/members/national-federations,"Current IF membership/association proxy for practising; partial coverage, not a claim of complete player registrations."
SWIMMING,游泳 (Swimming),3,2024-2025 World Aquatics membership/practice proxy,MLI,Mali,Africa,Western Africa,if_member,active,partial,https://www.worldaquatics.com/members/national-federations,"Current IF membership/association proxy for practising; partial coverage, not a claim of complete player registrations."
SWIMMING,游泳 (Swimming),3,2024-2025 World Aquatics membership/practice proxy,MLT,Malta,Europe,Southern Europe,if_member,active,partial,https://www.worldaquatics.com/members/national-federations,"Current IF membership/association proxy for practising; partial coverage, not a claim of complete player registrations."
SWIMMING,游泳 (Swimming),3,2024-2025 World Aquatics membership/practice proxy,MMR,Myanmar,Asia,South-Eastern Asia,if_member,active,partial,https://www.worldaquatics.com/members/national-federations,"Current IF membership/association proxy for practising; partial coverage, not a claim of complete player registrations."
SWIMMING,游泳 (Swimming),3,2024-2025 World Aquatics membership/practice proxy,MNE,Montenegro,Europe,Southeast Europe,if_member,active,partial,https://www.worldaquatics.com/members/national-federations,"Current IF membership/association proxy for practising; partial coverage, not a claim of complete player registrations."
SWIMMING,游泳 (Swimming),3,2024-2025 World Aquatics membership/practice proxy,MNG,Mongolia,Asia,Eastern Asia,if_member,active,partial,https://www.worldaquatics.com/members/national-federations,"Current IF membership/association proxy for practising; partial coverage, not a claim of complete player registrations."
SWIMMING,游泳 (Swimming),3,2024-2025 World Aquatics membership/practice proxy,MNP,Northern Mariana Islands,Oceania,Micronesia,if_member,active,partial,https://www.worldaquatics.com/members/national-federations,"Current IF membership/association proxy for practising; partial coverage, not a claim of complete player registrations."
SWIMMING,游泳 (Swimming),3,2024-2025 World Aquatics membership/practice proxy,MOZ,Mozambique,Africa,Eastern Africa,if_member,active,partial,https://www.worldaquatics.com/members/national-federations,"Current IF membership/association proxy for practising; partial coverage, not a claim of complete player registrations."
SWIMMING,游泳 (Swimming),3,2024-2025 World Aquatics membership/practice proxy,MRT,Mauritania,Africa,Western Africa,if_member,active,partial,https://www.worldaquatics.com/members/national-federations,"Current IF membership/association proxy for practising; partial coverage, not a claim of complete player registrations."
SWIMMING,游泳 (Swimming),3,2024-2025 World Aquatics membership/practice proxy,MUS,Mauritius,Africa,Eastern Africa,if_member,active,partial,https://www.worldaquatics.com/members/national-federations,"Current IF membership/association proxy for practising; partial coverage, not a claim of complete player registrations."
SWIMMING,游泳 (Swimming),3,2024-2025 World Aquatics membership/practice proxy,MWI,Malawi,Africa,Eastern Africa,if_member,active,partial,https://www.worldaquatics.com/members/national-federations,"Current IF membership/association proxy for practising; partial coverage, not a claim of complete player registrations."
SWIMMING,游泳 (Swimming),3,2024-2025 World Aquatics membership/practice proxy,MYS,Malaysia,Asia,South-Eastern Asia,if_member,active,partial,https://www.worldaquatics.com/members/national-federations,"Current IF membership/association proxy for practising; partial coverage, not a claim of complete player registrations."
SWIMMING,游泳 (Swimming),3,2024-2025 World Aquatics membership/practice proxy,NAM,Namibia,Africa,Southern Africa,if_member,active,partial,https://www.worldaquatics.com/members/national-federations,"Current IF membership/association proxy for practising; partial coverage, not a claim of complete player registrations."
SWIMMING,游泳 (Swimming),3,2024-2025 World Aquatics membership/practice proxy,NER,Niger,Africa,Western Africa,if_member,active,partial,https://www.worldaquatics.com/members/national-federations,"Current IF membership/association proxy for practising; partial coverage, not a claim of complete player registrations."
SWIMMING,游泳 (Swimming),3,2024-2025 World Aquatics membership/practice proxy,NGA,Nigeria,Africa,Western Africa,if_member,active,partial,https://www.worldaquatics.com/members/national-federations,"Current IF membership/association proxy for practising; partial coverage, not a claim of complete player registrations."
SWIMMING,游泳 (Swimming),3,2024-2025 World Aquatics membership/practice proxy,NIC,Nicaragua,Americas,Central America,if_member,active,partial,https://www.worldaquatics.com/members/national-federations,"Current IF membership/association proxy for practising; partial coverage, not a claim of complete player registrations."
SWIMMING,游泳 (Swimming),3,2024-2025 World Aquatics membership/practice proxy,NLD,Netherlands,Europe,Western Europe,if_member,active,partial,https://www.worldaquatics.com/members/national-federations,"Current IF membership/association proxy for practising; partial coverage, not a claim of complete player registrations."
SWIMMING,游泳 (Swimming),3,2024-2025 World Aquatics membership/practice proxy,NOR,Norway,Europe,Northern Europe,if_member,active,partial,https://www.worldaquatics.com/members/national-federations,"Current IF membership/association proxy for practising; partial coverage, not a claim of complete player registrations."
SWIMMING,游泳 (Swimming),3,2024-2025 World Aquatics membership/practice proxy,NPL,Nepal,Asia,Southern Asia,if_member,active,partial,https://www.worldaquatics.com/members/national-federations,"Current IF membership/association proxy for practising; partial coverage, not a claim of complete player registrations."
SWIMMING,游泳 (Swimming),3,2024-2025 World Aquatics membership/practice proxy,NZL,New Zealand,Oceania,Australia and New Zealand,if_member,active,partial,https://www.worldaquatics.com/members/national-federations,"Current IF membership/association proxy for practising; partial coverage, not a claim of complete player registrations."
SWIMMING,游泳 (Swimming),3,2024-2025 World Aquatics membership/practice proxy,OMN,Oman,Asia,Western Asia,if_member,active,partial,https://www.worldaquatics.com/members/national-federations,"Current IF membership/association proxy for practising; partial coverage, not a claim of complete player registrations."
SWIMMING,游泳 (Swimming),3,2024-2025 World Aquatics membership/practice proxy,PAK,Pakistan,Asia,Southern Asia,if_member,active,partial,https://www.worldaquatics.com/members/national-federations,"Current IF membership/association proxy for practising; partial coverage, not a claim of complete player registrations."
SWIMMING,游泳 (Swimming),3,2024-2025 World Aquatics membership/practice proxy,PAN,Panama,Americas,Central America,if_member,active,partial,https://www.worldaquatics.com/members/national-federations,"Current IF membership/association proxy for practising; partial coverage, not a claim of complete player registrations."
SWIMMING,游泳 (Swimming),3,2024-2025 World Aquatics membership/practice proxy,PER,Peru,Americas,South America,if_member,active,partial,https://www.worldaquatics.com/members/national-federations,"Current IF membership/association proxy for practising; partial coverage, not a claim of complete player registrations."
SWIMMING,游泳 (Swimming),3,2024-2025 World Aquatics membership/practice proxy,PHL,Philippines,Asia,South-Eastern Asia,if_member,active,partial,https://www.worldaquatics.com/members/national-federations,"Current IF membership/association proxy for practising; partial coverage, not a claim of complete player registrations."
SWIMMING,游泳 (Swimming),3,2024-2025 World Aquatics membership/practice proxy,PLW,Palau,Oceania,Micronesia,if_member,active,partial,https://www.worldaquatics.com/members/national-federations,"Current IF membership/association proxy for practising; partial coverage, not a claim of complete player registrations."
SWIMMING,游泳 (Swimming),3,2024-2025 World Aquatics membership/practice proxy,PNG,Papua New Guinea,Oceania,Melanesia,if_member,active,partial,https://www.worldaquatics.com/members/national-federations,"Current IF membership/association proxy for practising; partial coverage, not a claim of complete player registrations."
SWIMMING,游泳 (Swimming),3,2024-2025 World Aquatics membership/practice proxy,POL,Poland,Europe,Central Europe,if_member,active,partial,https://www.worldaquatics.com/members/national-federations,"Current IF membership/association proxy for practising; partial coverage, not a claim of complete player registrations."
SWIMMING,游泳 (Swimming),3,2024-2025 World Aquatics membership/practice proxy,PRI,Puerto Rico,Americas,Caribbean,if_member,active,partial,https://www.worldaquatics.com/members/national-federations,"Current IF membership/association proxy for practising; partial coverage, not a claim of complete player registrations."
SWIMMING,游泳 (Swimming),3,2024-2025 World Aquatics membership/practice proxy,PRK,North Korea,Asia,Eastern Asia,if_member,active,partial,https://www.worldaquatics.com/members/national-federations,"Current IF membership/association proxy for practising; partial coverage, not a claim of complete player registrations."
SWIMMING,游泳 (Swimming),3,2024-2025 World Aquatics membership/practice proxy,PRT,Portugal,Europe,Southern Europe,if_member,active,partial,https://www.worldaquatics.com/members/national-federations,"Current IF membership/association proxy for practising; partial coverage, not a claim of complete player registrations."
SWIMMING,游泳 (Swimming),3,2024-2025 World Aquatics membership/practice proxy,PRY,Paraguay,Americas,South America,if_member,active,partial,https://www.worldaquatics.com/members/national-federations,"Current IF membership/association proxy for practising; partial coverage, not a claim of complete player registrations."
SWIMMING,游泳 (Swimming),3,2024-2025 World Aquatics membership/practice proxy,PSE,Palestine,Asia,Western Asia,if_member,active,partial,https://www.worldaquatics.com/members/national-federations,"Current IF membership/association proxy for practising; partial coverage, not a claim of complete player registrations."
SWIMMING,游泳 (Swimming),3,2024-2025 World Aquatics membership/practice proxy,PYF,French Polynesia,Oceania,Polynesia,if_member,active,partial,https://www.worldaquatics.com/members/national-federations,"Current IF membership/association proxy for practising; partial coverage, not a claim of complete player registrations."
SWIMMING,游泳 (Swimming),3,2024-2025 World Aquatics membership/practice proxy,QAT,Qatar,Asia,Western Asia,if_member,active,partial,https://www.worldaquatics.com/members/national-federations,"Current IF membership/association proxy for practising; partial coverage, not a claim of complete player registrations."
SWIMMING,游泳 (Swimming),3,2024-2025 World Aquatics membership/practice proxy,ROU,Romania,Europe,Southeast Europe,if_member,active,partial,https://www.worldaquatics.com/members/national-federations,"Current IF membership/association proxy for practising; partial coverage, not a claim of complete player registrations."
SWIMMING,游泳 (Swimming),3,2024-2025 World Aquatics membership/practice proxy,RUS,Russia,Europe,Eastern Europe,if_member,active,partial,https://www.worldaquatics.com/members/national-federations,"Current IF membership/association proxy for practising; partial coverage, not a claim of complete player registrations."
SWIMMING,游泳 (Swimming),3,2024-2025 World Aquatics membership/practice proxy,RWA,Rwanda,Africa,Eastern Africa,if_member,active,partial,https://www.worldaquatics.com/members/national-federations,"Current IF membership/association proxy for practising; partial coverage, not a claim of complete player registrations."
SWIMMING,游泳 (Swimming),3,2024-2025 World Aquatics membership/practice proxy,SAU,Saudi Arabia,Asia,Western Asia,if_member,active,partial,https://www.worldaquatics.com/members/national-federations,"Current IF membership/association proxy for practising; partial coverage, not a claim of complete player registrations."
SWIMMING,游泳 (Swimming),3,2024-2025 World Aquatics membership/practice proxy,SDN,Sudan,Africa,Northern Africa,if_member,active,partial,https://www.worldaquatics.com/members/national-federations,"Current IF membership/association proxy for practising; partial coverage, not a claim of complete player registrations."
SWIMMING,游泳 (Swimming),3,2024-2025 World Aquatics membership/practice proxy,SEN,Senegal,Africa,Western Africa,if_member,active,partial,https://www.worldaquatics.com/members/national-federations,"Current IF membership/association proxy for practising; partial coverage, not a claim of complete player registrations."
SWIMMING,游泳 (Swimming),3,2024-2025 World Aquatics membership/practice proxy,SGP,Singapore,Asia,South-Eastern Asia,if_member,active,partial,https://www.worldaquatics.com/members/national-federations,"Current IF membership/association proxy for practising; partial coverage, not a claim of complete player registrations."
SWIMMING,游泳 (Swimming),3,2024-2025 World Aquatics membership/practice proxy,SLB,Solomon Islands,Oceania,Melanesia,if_member,active,partial,https://www.worldaquatics.com/members/national-federations,"Current IF membership/association proxy for practising; partial coverage, not a claim of complete player registrations."
SWIMMING,游泳 (Swimming),3,2024-2025 World Aquatics membership/practice proxy,SLE,Sierra Leone,Africa,Western Africa,if_member,active,partial,https://www.worldaquatics.com/members/national-federations,"Current IF membership/association proxy for practising; partial coverage, not a claim of complete player registrations."
SWIMMING,游泳 (Swimming),3,2024-2025 World Aquatics membership/practice proxy,SLV,El Salvador,Americas,Central America,if_member,active,partial,https://www.worldaquatics.com/members/national-federations,"Current IF membership/association proxy for practising; partial coverage, not a claim of complete player registrations."
SWIMMING,游泳 (Swimming),3,2024-2025 World Aquatics membership/practice proxy,SMR,San Marino,Europe,Southern Europe,if_member,active,partial,https://www.worldaquatics.com/members/national-federations,"Current IF membership/association proxy for practising; partial coverage, not a claim of complete player registrations."
SWIMMING,游泳 (Swimming),3,2024-2025 World Aquatics membership/practice proxy,SOM,Somalia,Africa,Eastern Africa,if_member,active,partial,https://www.worldaquatics.com/members/national-federations,"Current IF membership/association proxy for practising; partial coverage, not a claim of complete player registrations."
SWIMMING,游泳 (Swimming),3,2024-2025 World Aquatics membership/practice proxy,SRB,Serbia,Europe,Southeast Europe,if_member,active,partial,https://www.worldaquatics.com/members/national-federations,"Current IF membership/association proxy for practising; partial coverage, not a claim of complete player registrations."
SWIMMING,游泳 (Swimming),3,2024-2025 World Aquatics membership/practice proxy,STP,São Tomé and Príncipe,Africa,Middle Africa,if_member,active,partial,https://www.worldaquatics.com/members/national-federations,"Current IF membership/association proxy for practising; partial coverage, not a claim of complete player registrations."
SWIMMING,游泳 (Swimming),3,2024-2025 World Aquatics membership/practice proxy,SUR,Suriname,Americas,South America,if_member,active,partial,https://www.worldaquatics.com/members/national-federations,"Current IF membership/association proxy for practising; partial coverage, not a claim of complete player registrations."
SWIMMING,游泳 (Swimming),3,2024-2025 World Aquatics membership/practice proxy,SVK,Slovakia,Europe,Central Europe,if_member,active,partial,https://www.worldaquatics.com/members/national-federations,"Current IF membership/association proxy for practising; partial coverage, not a claim of complete player registrations."
SWIMMING,游泳 (Swimming),3,2024-2025 World Aquatics membership/practice proxy,SVN,Slovenia,Europe,Central Europe,if_member,active,partial,https://www.worldaquatics.com/members/national-federations,"Current IF membership/association proxy for practising; partial coverage, not a claim of complete player registrations."
SWIMMING,游泳 (Swimming),3,2024-2025 World Aquatics membership/practice proxy,SWE,Sweden,Europe,Northern Europe,if_member,active,partial,https://www.worldaquatics.com/members/national-federations,"Current IF membership/association proxy for practising; partial coverage, not a claim of complete player registrations."
SWIMMING,游泳 (Swimming),3,2024-2025 World Aquatics membership/practice proxy,SWZ,Eswatini,Africa,Southern Africa,if_member,active,partial,https://www.worldaquatics.com/members/national-federations,"Current IF membership/association proxy for practising; partial coverage, not a claim of complete player registrations."
SWIMMING,游泳 (Swimming),3,2024-2025 World Aquatics membership/practice proxy,SXM,Sint Maarten,Americas,Caribbean,if_member,active,partial,https://www.worldaquatics.com/members/national-federations,"Current IF membership/association proxy for practising; partial coverage, not a claim of complete player registrations."
SWIMMING,游泳 (Swimming),3,2024-2025 World Aquatics membership/practice proxy,SYC,Seychelles,Africa,Eastern Africa,if_member,active,partial,https://www.worldaquatics.com/members/national-federations,"Current IF membership/association proxy for practising; partial coverage, not a claim of complete player registrations."
SWIMMING,游泳 (Swimming),3,2024-2025 World Aquatics membership/practice proxy,SYR,Syria,Asia,Western Asia,if_member,active,partial,https://www.worldaquatics.com/members/national-federations,"Current IF membership/association proxy for practising; partial coverage, not a claim of complete player registrations."
SWIMMING,游泳 (Swimming),3,2024-2025 World Aquatics membership/practice proxy,TCA,Turks and Caicos Islands,Americas,Caribbean,if_member,active,partial,https://www.worldaquatics.com/members/national-federations,"Current IF membership/association proxy for practising; partial coverage, not a claim of complete player registrations."
SWIMMING,游泳 (Swimming),3,2024-2025 World Aquatics membership/practice proxy,TCD,Chad,Africa,Middle Africa,if_member,active,partial,https://www.worldaquatics.com/members/national-federations,"Current IF membership/association proxy for practising; partial coverage, not a claim of complete player registrations."
SWIMMING,游泳 (Swimming),3,2024-2025 World Aquatics membership/practice proxy,TGO,Togo,Africa,Western Africa,if_member,active,partial,https://www.worldaquatics.com/members/national-federations,"Current IF membership/association proxy for practising; partial coverage, not a claim of complete player registrations."
SWIMMING,游泳 (Swimming),3,2024-2025 World Aquatics membership/practice proxy,THA,Thailand,Asia,South-Eastern Asia,if_member,active,partial,https://www.worldaquatics.com/members/national-federations,"Current IF membership/association proxy for practising; partial coverage, not a claim of complete player registrations."
SWIMMING,游泳 (Swimming),3,2024-2025 World Aquatics membership/practice proxy,TJK,Tajikistan,Asia,Central Asia,if_member,active,partial,https://www.worldaquatics.com/members/national-federations,"Current IF membership/association proxy for practising; partial coverage, not a claim of complete player registrations."
SWIMMING,游泳 (Swimming),3,2024-2025 World Aquatics membership/practice proxy,TKM,Turkmenistan,Asia,Central Asia,if_member,active,partial,https://www.worldaquatics.com/members/national-federations,"Current IF membership/association proxy for practising; partial coverage, not a claim of complete player registrations."
SWIMMING,游泳 (Swimming),3,2024-2025 World Aquatics membership/practice proxy,TLS,Timor-Leste,Asia,South-Eastern Asia,if_member,active,partial,https://www.worldaquatics.com/members/national-federations,"Current IF membership/association proxy for practising; partial coverage, not a claim of complete player registrations."
SWIMMING,游泳 (Swimming),3,2024-2025 World Aquatics membership/practice proxy,TON,Tonga,Oceania,Polynesia,if_member,active,partial,https://www.worldaquatics.com/members/national-federations,"Current IF membership/association proxy for practising; partial coverage, not a claim of complete player registrations."
SWIMMING,游泳 (Swimming),3,2024-2025 World Aquatics membership/practice proxy,TTO,Trinidad and Tobago,Americas,Caribbean,if_member,active,partial,https://www.worldaquatics.com/members/national-federations,"Current IF membership/association proxy for practising; partial coverage, not a claim of complete player registrations."
SWIMMING,游泳 (Swimming),3,2024-2025 World Aquatics membership/practice proxy,TUN,Tunisia,Africa,Northern Africa,if_member,active,partial,https://www.worldaquatics.com/members/national-federations,"Current IF membership/association proxy for practising; partial coverage, not a claim of complete player registrations."
SWIMMING,游泳 (Swimming),3,2024-2025 World Aquatics membership/practice proxy,TUR,Türkiye,Asia,Western Asia,if_member,active,partial,https://www.worldaquatics.com/members/national-federations,"Current IF membership/association proxy for practising; partial coverage, not a claim of complete player registrations."
SWIMMING,游泳 (Swimming),3,2024-2025 World Aquatics membership/practice proxy,TWN,Taiwan,Asia,Eastern Asia,if_member,active,partial,https://www.worldaquatics.com/members/national-federations,"Current IF membership/association proxy for practising; partial coverage, not a claim of complete player registrations."
SWIMMING,游泳 (Swimming),3,2024-2025 World Aquatics membership/practice proxy,TZA,Tanzania,Africa,Eastern Africa,if_member,active,partial,https://www.worldaquatics.com/members/national-federations,"Current IF membership/association proxy for practising; partial coverage, not a claim of complete player registrations."
SWIMMING,游泳 (Swimming),3,2024-2025 World Aquatics membership/practice proxy,UGA,Uganda,Africa,Eastern Africa,if_member,active,partial,https://www.worldaquatics.com/members/national-federations,"Current IF membership/association proxy for practising; partial coverage, not a claim of complete player registrations."
SWIMMING,游泳 (Swimming),3,2024-2025 World Aquatics membership/practice proxy,UKR,Ukraine,Europe,Eastern Europe,if_member,active,partial,https://www.worldaquatics.com/members/national-federations,"Current IF membership/association proxy for practising; partial coverage, not a claim of complete player registrations."
SWIMMING,游泳 (Swimming),3,2024-2025 World Aquatics membership/practice proxy,UNK,Kosovo,Europe,Southeast Europe,if_member,active,partial,https://www.worldaquatics.com/members/national-federations,"Current IF membership/association proxy for practising; partial coverage, not a claim of complete player registrations."
SWIMMING,游泳 (Swimming),3,2024-2025 World Aquatics membership/practice proxy,URY,Uruguay,Americas,South America,if_member,active,partial,https://www.worldaquatics.com/members/national-federations,"Current IF membership/association proxy for practising; partial coverage, not a claim of complete player registrations."
SWIMMING,游泳 (Swimming),3,2024-2025 World Aquatics membership/practice proxy,USA,United States,Americas,North America,if_member,active,partial,https://www.worldaquatics.com/members/national-federations,"Current IF membership/association proxy for practising; partial coverage, not a claim of complete player registrations."
SWIMMING,游泳 (Swimming),3,2024-2025 World Aquatics membership/practice proxy,UZB,Uzbekistan,Asia,Central Asia,if_member,active,partial,https://www.worldaquatics.com/members/national-federations,"Current IF membership/association proxy for practising; partial coverage, not a claim of complete player registrations."
SWIMMING,游泳 (Swimming),3,2024-2025 World Aquatics membership/practice proxy,VCT,Saint Vincent and the Grenadines,Americas,Caribbean,if_member,active,partial,https://www.worldaquatics.com/members/national-federations,"Current IF membership/association proxy for practising; partial coverage, not a claim of complete player registrations."
SWIMMING,游泳 (Swimming),3,2024-2025 World Aquatics membership/practice proxy,VEN,Venezuela,Americas,South America,if_member,active,partial,https://www.worldaquatics.com/members/national-federations,"Current IF membership/association proxy for practising; partial coverage, not a claim of complete player registrations."
SWIMMING,游泳 (Swimming),3,2024-2025 World Aquatics membership/practice proxy,VGB,British Virgin Islands,Americas,Caribbean,if_member,active,partial,https://www.worldaquatics.com/members/national-federations,"Current IF membership/association proxy for practising; partial coverage, not a claim of complete player registrations."
SWIMMING,游泳 (Swimming),3,2024-2025 World Aquatics membership/practice proxy,VIR,United States Virgin Islands,Americas,Caribbean,if_member,active,partial,https://www.worldaquatics.com/members/national-federations,"Current IF membership/association proxy for practising; partial coverage, not a claim of complete player registrations."
SWIMMING,游泳 (Swimming),3,2024-2025 World Aquatics membership/practice proxy,VNM,Vietnam,Asia,South-Eastern Asia,if_member,active,partial,https://www.worldaquatics.com/members/national-federations,"Current IF membership/association proxy for practising; partial coverage, not a claim of complete player registrations."
SWIMMING,游泳 (Swimming),3,2024-2025 World Aquatics membership/practice proxy,VUT,Vanuatu,Oceania,Melanesia,if_member,active,partial,https://www.worldaquatics.com/members/national-federations,"Current IF membership/association proxy for practising; partial coverage, not a claim of complete player registrations."
SWIMMING,游泳 (Swimming),3,2024-2025 World Aquatics membership/practice proxy,WSM,Samoa,Oceania,Polynesia,if_member,active,partial,https://www.worldaquatics.com/members/national-federations,"Current IF membership/association proxy for practising; partial coverage, not a claim of complete player registrations."
SWIMMING,游泳 (Swimming),3,2024-2025 World Aquatics membership/practice proxy,YEM,Yemen,Asia,Western Asia,if_member,active,partial,https://www.worldaquatics.com/members/national-federations,"Current IF membership/association proxy for practising; partial coverage, not a claim of complete player registrations."
SWIMMING,游泳 (Swimming),3,2024-2025 World Aquatics membership/practice proxy,ZAF,South Africa,Africa,Southern Africa,if_member,active,partial,https://www.worldaquatics.com/members/national-federations,"Current IF membership/association proxy for practising; partial coverage, not a claim of complete player registrations."
SWIMMING,游泳 (Swimming),3,2024-2025 World Aquatics membership/practice proxy,ZMB,Zambia,Africa,Eastern Africa,if_member,active,partial,https://www.worldaquatics.com/members/national-federations,"Current IF membership/association proxy for practising; partial coverage, not a claim of complete player registrations."
SWIMMING,游泳 (Swimming),3,2024-2025 World Aquatics membership/practice proxy,ZWE,Zimbabwe,Africa,Eastern Africa,if_member,active,partial,https://www.worldaquatics.com/members/national-federations,"Current IF membership/association proxy for practising; partial coverage, not a claim of complete player registrations."
